{"stats":{"minecraft:broken":{"minecraft:iron_pickaxe":1},"minecraft:mined":{"minecraft:tuff":7,"minecraft:deepslate_diamond_ore":4,"minecraft:cherry_log":20,"minecraft:granite":2,"minecraft:grass_block":5,"minecraft:hay_block":33,"minecraft:furnace":6,"minecraft:carrots":8,"minecraft:iron_ore":44,"minecraft:andesite":2,"minecraft:potatoes":3,"minecraft:deepslate_iron_ore":18,"minecraft:green_carpet":3,"minecraft:stone":125,"minecraft:crafting_table":6,"minecraft:torch":16,"minecraft:short_grass":56,"minecraft:blast_furnace":2,"minecraft:tall_grass":8,"minecraft:cobblestone":1,"minecraft:sugar_cane":3,"minecraft:oak_planks":46,"minecraft:diorite":1,"minecraft:wall_torch":15,"minecraft:pink_petals":2,"minecraft:yellow_wool":3,"minecraft:wheat":13,"minecraft:yellow_bed":1,"minecraft:oak_log":4,"minecraft:coal_ore":117,"minecraft:cherry_leaves":2,"minecraft:dripstone_block":10,"minecraft:dirt":11,"minecraft:cobweb":1,"minecraft:oak_leaves":2,"minecraft:deepslate":41},"minecraft:killed_by":{"minecraft:creeper":1,"minecraft:skeleton":1},"minecraft:custom":{"minecraft:mob_kills":11,"minecraft:interact_with_crafting_table":29,"minecraft:interact_with_campfire":7,"minecraft:leave_game":2,"minecraft:time_since_death":59474,"minecraft:climb_one_cm":304,"minecraft:sprint_one_cm":223097,"minecraft:walk_one_cm":209998,"minecraft:damage_blocked_by_shield":848,"minecraft:drop":99,"minecraft:talked_to_villager":2,"minecraft:play_time":113122,"minecraft:deaths":4,"minecraft:sneak_time":6299,"minecraft:walk_under_water_one_cm":2716,"minecraft:boat_one_cm":54651,"minecraft:jump":2483,"minecraft:interact_with_blast_furnace":8,"minecraft:walk_on_water_one_cm":15029,"minecraft:total_world_time":113122,"minecraft:interact_with_furnace":20,"minecraft:sleep_in_bed":5,"minecraft:time_since_rest":4741,"minecraft:damage_taken":2948,"minecraft:damage_dealt":2016,"minecraft:swim_one_cm":12317,"minecraft:player_kills":1,"minecraft:fly_one_cm":323004,"minecraft:open_chest":16,"minecraft:crouch_one_cm":14726,"minecraft:fall_one_cm":100978},"minecraft:used":{"minecraft:stone_sword":28,"minecraft:iron_shovel":87,"minecraft:chest":2,"minecraft:shield":9,"minecraft:iron_sword":16,"minecraft:stone_hoe":33,"minecraft:iron_chestplate":1,"minecraft:oak_door":1,"minecraft:torch":221,"minecraft:dirt":14,"minecraft:carrot":12,"minecraft:tuff":7,"minecraft:granite":2,"minecraft:wooden_axe":24,"minecraft:lava_bucket":2,"minecraft:iron_axe":10,"minecraft:iron_helmet":2,"minecraft:iron_boots":2,"minecraft:furnace":9,"minecraft:egg":5,"minecraft:potato":3,"minecraft:cobbled_deepslate":32,"minecraft:pointed_dripstone":8,"minecraft:iron_leggings":1,"minecraft:water_bucket":23,"minecraft:diorite":1,"minecraft:cobblestone_stairs":4,"minecraft:stone_pickaxe":84,"minecraft:oak_planks":10,"minecraft:wooden_pickaxe":11,"minecraft:sugar_cane":6,"minecraft:crafting_table":9,"minecraft:blast_furnace":2,"minecraft:campfire":1,"minecraft:dripstone_block":14,"minecraft:sunflower":1,"minecraft:bread":38,"minecraft:iron_pickaxe":292,"minecraft:green_carpet":3,"minecraft:stone_axe":46,"minecraft:pink_petals":4,"minecraft:cobblestone":103,"minecraft:bucket":26,"minecraft:andesite":2,"minecraft:yellow_bed":2},"minecraft:crafted":{"minecraft:cherry_planks":80,"minecraft:oak_door":3,"minecraft:stone_shovel":1,"minecraft:furnace":3,"minecraft:cobblestone_stairs":4,"minecraft:yellow_bed":1,"minecraft:iron_boots":1,"minecraft:iron_axe":1,"minecraft:stone_pickaxe":1,"minecraft:chest":2,"minecraft:stone_hoe":1,"minecraft:wheat":297,"minecraft:oak_slab":6,"minecraft:crafting_table":4,"minecraft:wooden_pickaxe":1,"minecraft:iron_helmet":1,"minecraft:iron_sword":1,"minecraft:bucket":1,"minecraft:campfire":1,"minecraft:stone_axe":1,"minecraft:bread":99,"minecraft:air":0,"minecraft:iron_chestplate":1,"minecraft:charcoal":1,"minecraft:shield":1,"minecraft:stick":100,"minecraft:iron_ingot":29,"minecraft:iron_pickaxe":2,"minecraft:wooden_axe":1,"minecraft:stone_sword":1,"minecraft:iron_shovel":1,"minecraft:iron_leggings":1,"minecraft:torch":220},"minecraft:dropped":{"minecraft:stone_hoe":3,"minecraft:iron_ingot":1,"minecraft:bread":52,"minecraft:wheat_seeds":24,"minecraft:dripstone_block":22,"minecraft:cobblestone":11,"minecraft:stick":3,"minecraft:wooden_axe":1,"minecraft:cherry_planks":6,"minecraft:string":2,"minecraft:pink_petals":4,"minecraft:stone_axe":3,"minecraft:stone_sword":3,"minecraft:cobbled_deepslate":16,"minecraft:tuff":2,"minecraft:wheat":2,"minecraft:pointed_dripstone":4,"minecraft:raw_iron":5,"minecraft:stone_shovel":3,"minecraft:rotten_flesh":4,"minecraft:arrow":6,"minecraft:wooden_pickaxe":1,"minecraft:stone_pickaxe":1},"minecraft:picked_up":{"minecraft:crafting_table":6,"minecraft:wheat":2,"minecraft:yellow_wool":3,"minecraft:enchanted_book":1,"minecraft:shield":1,"minecraft:string":2,"minecraft:raw_copper":7,"minecraft:iron_axe":1,"minecraft:iron_leggings":1,"minecraft:iron_shovel":1,"minecraft:cobbled_deepslate":48,"minecraft:bucket":1,"minecraft:iron_pickaxe":1,"minecraft:sugar_cane":6,"minecraft:egg":5,"minecraft:iron_boots":1,"minecraft:furnace":8,"minecraft:raw_iron":81,"minecraft:stick":2,"minecraft:torch":159,"minecraft:porkchop":7,"minecraft:pointed_dripstone":12,"minecraft:cherry_log":20,"minecraft:diorite":1,"minecraft:carrot":12,"minecraft:stone_shovel":3,"minecraft:stone_sword":3,"minecraft:arrow":6,"minecraft:rotten_flesh":4,"minecraft:hay_block":33,"minecraft:cobblestone":231,"minecraft:pink_petals":8,"minecraft:cherry_planks":66,"minecraft:andesite":2,"minecraft:potato":3,"minecraft:tuff":9,"minecraft:oak_log":4,"minecraft:yellow_bed":1,"minecraft:dirt":21,"minecraft:wheat_seeds":26,"minecraft:stone_pickaxe":1,"minecraft:iron_ingot":24,"minecraft:stone_hoe":3,"minecraft:oak_planks":89,"minecraft:iron_sword":1,"minecraft:cooked_porkchop":7,"minecraft:dripstone_block":40,"minecraft:blast_furnace":2,"minecraft:green_carpet":3,"minecraft:diamond":4,"minecraft:stone_axe":3,"minecraft:iron_helmet":1,"minecraft:granite":2,"minecraft:bread":109,"minecraft:coal":156,"minecraft:sunflower":1},"minecraft:killed":{"minecraft:skeleton":3,"minecraft:wolf":1,"minecraft:pig":4,"minecraft:zombie":3}},"DataVersion":3953}