{"stats":{"minecraft:broken":{"minecraft:golden_pickaxe":1},"minecraft:mined":{"minecraft:diamond_ore":2,"minecraft:white_bed":16,"minecraft:cherry_log":66,"minecraft:granite":9,"minecraft:grass_block":75,"minecraft:composter":2,"minecraft:furnace":1,"minecraft:cobbled_deepslate":10,"minecraft:iron_ore":39,"minecraft:fire":3,"minecraft:andesite":3,"minecraft:fletching_table":1,"minecraft:deepslate_iron_ore":2,"minecraft:dirt_path":36,"minecraft:rail":1,"minecraft:stone":44,"minecraft:white_wool":1,"minecraft:oak_slab":2,"minecraft:cherry_planks":6,"minecraft:oak_fence":3,"minecraft:crafting_table":11,"minecraft:torch":1,"minecraft:short_grass":45,"minecraft:blast_furnace":3,"minecraft:tall_grass":6,"minecraft:cobblestone":7,"minecraft:diorite":1,"minecraft:pink_petals":4,"minecraft:yellow_wool":1,"minecraft:stripped_oak_wood":1,"minecraft:yellow_bed":10,"minecraft:oak_log":2,"minecraft:coal_ore":28,"minecraft:cherry_leaves":3,"minecraft:sunflower":1,"minecraft:gravel":1,"minecraft:dirt":63,"minecraft:deepslate":5},"minecraft:custom":{"minecraft:mob_kills":35,"minecraft:interact_with_crafting_table":19,"minecraft:open_barrel":3,"minecraft:bell_ring":34,"minecraft:time_since_death":157829,"minecraft:climb_one_cm":440,"minecraft:sprint_one_cm":332053,"minecraft:walk_one_cm":303546,"minecraft:damage_blocked_by_shield":284,"minecraft:drop":62,"minecraft:talked_to_villager":8,"minecraft:play_time":157829,"minecraft:sneak_time":3716,"minecraft:walk_under_water_one_cm":2524,"minecraft:boat_one_cm":8627,"minecraft:jump":3101,"minecraft:interact_with_blast_furnace":14,"minecraft:walk_on_water_one_cm":16976,"minecraft:total_world_time":157829,"minecraft:interact_with_furnace":19,"minecraft:traded_with_villager":11,"minecraft:sleep_in_bed":12,"minecraft:time_since_rest":12524,"minecraft:damage_taken":2038,"minecraft:damage_dealt":5740,"minecraft:player_kills":1,"minecraft:fly_one_cm":541637,"minecraft:swim_one_cm":14925,"minecraft:open_chest":12,"minecraft:crouch_one_cm":15560,"minecraft:fall_one_cm":86596},"minecraft:used":{"minecraft:cherry_sapling":1,"minecraft:stone_sword":50,"minecraft:iron_shovel":167,"minecraft:shield":6,"minecraft:iron_sword":44,"minecraft:rotten_flesh":1,"minecraft:iron_chestplate":1,"minecraft:torch":2,"minecraft:dirt":105,"minecraft:mutton":19,"minecraft:wooden_axe":26,"minecraft:iron_axe":30,"minecraft:dark_oak_boat":1,"minecraft:egg":3,"minecraft:cobbled_deepslate":12,"minecraft:golden_axe":69,"minecraft:cooked_mutton":1,"minecraft:stone_pickaxe":91,"minecraft:ender_pearl":1,"minecraft:wooden_pickaxe":10,"minecraft:cherry_planks":160,"minecraft:fletching_table":2,"minecraft:crafting_table":9,"minecraft:blast_furnace":2,"minecraft:white_bed":18,"minecraft:painting":25,"minecraft:oak_log":2,"minecraft:bread":36,"minecraft:iron_pickaxe":32,"minecraft:gravel":1,"minecraft:stone_axe":6,"minecraft:wooden_sword":32,"minecraft:cobblestone":43,"minecraft:porkchop":12,"minecraft:yellow_bed":9,"minecraft:bone_meal":24,"minecraft:golden_pickaxe":32},"minecraft:crafted":{"minecraft:cherry_planks":216,"minecraft:wooden_sword":1,"minecraft:dark_oak_boat":1,"minecraft:stone":6,"minecraft:bone_meal":48,"minecraft:iron_boots":1,"minecraft:iron_axe":1,"minecraft:stone_pickaxe":1,"minecraft:dark_oak_planks":32,"minecraft:emerald":11,"minecraft:crafting_table":1,"minecraft:wooden_pickaxe":1,"minecraft:iron_helmet":1,"minecraft:iron_sword":1,"minecraft:stone_axe":1,"minecraft:air":0,"minecraft:iron_chestplate":1,"minecraft:stick":246,"minecraft:iron_ingot":77,"minecraft:iron_pickaxe":1,"minecraft:wooden_axe":1,"minecraft:stone_sword":1,"minecraft:iron_shovel":1,"minecraft:iron_leggings":1,"minecraft:white_bed":3},"minecraft:dropped":{"minecraft:golden_boots":2,"minecraft:iron_ingot":10,"minecraft:oak_slab":1,"minecraft:wheat_seeds":4,"minecraft:cherry_log":59,"minecraft:glow_ink_sac":3,"minecraft:dripstone_block":3,"minecraft:crossbow":1,"minecraft:cobblestone":1,"minecraft:granite":15,"minecraft:copper_door":1,"minecraft:grass_block":1,"minecraft:coal":43,"minecraft:dirt":10,"minecraft:diorite":3,"minecraft:cherry_planks":228,"minecraft:wooden_sword":1,"minecraft:golden_hoe":1,"minecraft:dark_oak_planks":44,"minecraft:string":1,"minecraft:pink_petals":11,"minecraft:white_wool":3,"minecraft:bone":4,"minecraft:raw_iron":47,"minecraft:pointed_dripstone":9,"minecraft:cherry_sapling":3,"minecraft:white_bed":3,"minecraft:andesite":3,"minecraft:yellow_bed":1,"minecraft:golden_leggings":2,"minecraft:leather_leggings":1,"minecraft:spider_eye":1,"minecraft:arrow":16,"minecraft:wooden_pickaxe":1},"minecraft:picked_up":{"minecraft:crafting_table":9,"minecraft:leather_leggings":1,"minecraft:shield":1,"minecraft:string":1,"minecraft:cobbled_deepslate":25,"minecraft:egg":3,"minecraft:stick":17,"minecraft:raw_iron":50,"minecraft:composter":2,"minecraft:torch":2,"minecraft:porkchop":12,"minecraft:cherry_log":113,"minecraft:pointed_dripstone":9,"minecraft:diorite":3,"minecraft:carrot":1,"minecraft:copper_door":1,"minecraft:dark_oak_planks":22,"minecraft:arrow":12,"minecraft:rotten_flesh":2,"minecraft:mutton":19,"minecraft:white_wool":12,"minecraft:cobblestone":59,"minecraft:pink_petals":11,"minecraft:cherry_planks":186,"minecraft:glow_ink_sac":3,"minecraft:andesite":3,"minecraft:dark_oak_boat":1,"minecraft:golden_leggings":1,"minecraft:oak_log":2,"minecraft:golden_boots":1,"minecraft:yellow_bed":11,"minecraft:dirt":178,"minecraft:cooked_mutton":1,"minecraft:bone":4,"minecraft:wheat_seeds":4,"minecraft:fletching_table":2,"minecraft:oak_slab":1,"minecraft:dripstone_block":3,"minecraft:gravel":1,"minecraft:grass_block":1,"minecraft:blast_furnace":3,"minecraft:white_bed":19,"minecraft:spider_eye":1,"minecraft:diamond":4,"minecraft:granite":15,"minecraft:painting":4,"minecraft:cherry_sapling":28,"minecraft:bread":6,"minecraft:coal":43,"minecraft:ender_pearl":1},"minecraft:killed":{"minecraft:spider":1,"minecraft:skeleton":6,"minecraft:pig":5,"minecraft:sheep":12,"minecraft:zombie":6,"minecraft:villager":2,"minecraft:enderman":1}},"DataVersion":3953}