{"stats":{"minecraft:crafted":{"minecraft:oak_planks":11908,"minecraft:smooth_stone":3,"minecraft:cobblestone_slab":6,"minecraft:cooked_chicken":3,"minecraft:stone":3,"minecraft:bookshelf":3,"minecraft:cooked_mutton":18,"minecraft:mace":1,"minecraft:glass":30,"minecraft:chest":30,"minecraft:smoker":1,"minecraft:emerald":576,"minecraft:cooked_porkchop":8,"minecraft:diamond_axe":1,"minecraft:crafting_table":2,"minecraft:spruce_planks":4,"minecraft:wooden_pickaxe":1,"minecraft:baked_potato":4,"minecraft:fletching_table":16,"minecraft:diamond_pickaxe":1,"minecraft:stick":24363,"minecraft:iron_ingot":76,"minecraft:deepslate_bricks":180,"minecraft:shears":1,"minecraft:stone_shovel":1,"minecraft:wind_charge":164,"minecraft:furnace":1,"minecraft:blast_furnace":1,"minecraft:bone_meal":201,"minecraft:oak_trapdoor":4,"minecraft:polished_deepslate":180,"minecraft:iron_hoe":3,"minecraft:stone_pickaxe":1,"minecraft:cooked_beef":5,"minecraft:stone_axe":1,"minecraft:enchanted_book":5,"minecraft:air":0,"minecraft:jungle_planks":628,"minecraft:oak_boat":1,"minecraft:wooden_axe":1},"minecraft:broken":{"minecraft:stone_pickaxe":1,"minecraft:stone_axe":1,"minecraft:wooden_axe":1,"minecraft:iron_hoe":2,"minecraft:flint_and_steel":3},"minecraft:mined":{"minecraft:white_bed":19,"minecraft:farmland":73,"minecraft:cobblestone_stairs":7,"minecraft:jungle_leaves":501,"minecraft:brewing_stand":13,"minecraft:obsidian":9,"minecraft:granite":63,"minecraft:grass_block":208,"minecraft:jungle_log":120,"minecraft:soul_soil":6,"minecraft:deepslate_bricks":76,"minecraft:composter":5,"minecraft:smooth_stone":1,"minecraft:weeping_vines_plant":1,"minecraft:raw_iron_block":2,"minecraft:iron_ore":6,"minecraft:cobbled_deepslate":1,"minecraft:fire":150,"minecraft:water_cauldron":1,"minecraft:dirt_path":11,"minecraft:oak_stairs":204,"minecraft:deepslate_redstone_ore":5,"minecraft:blackstone":8,"minecraft:smoker":5,"minecraft:soul_fire":2,"minecraft:torch":5,"minecraft:glass":2,"minecraft:nether_quartz_ore":15,"minecraft:cobblestone":229,"minecraft:grindstone":1,"minecraft:sugar_cane":16,"minecraft:oak_planks":134,"minecraft:wall_torch":4,"minecraft:deepslate_copper_ore":8,"minecraft:nether_wart_block":1,"minecraft:yellow_wool":9,"minecraft:wheat":12,"minecraft:stripped_oak_wood":2,"minecraft:oak_log":240,"minecraft:beetroots":1,"minecraft:waxed_oxidized_copper":1,"minecraft:sand":14,"minecraft:dirt":165,"minecraft:netherrack":2405,"minecraft:oak_leaves":84,"minecraft:deepslate":186,"minecraft:nether_gold_ore":4,"minecraft:tuff":47,"minecraft:mossy_cobblestone":23,"minecraft:deepslate_diamond_ore":1,"minecraft:oak_door":2,"minecraft:decorated_pot":3,"minecraft:jungle_planks":2,"minecraft:crimson_roots":1,"minecraft:oak_trapdoor":4,"minecraft:furnace":2,"minecraft:jungle_sapling":12,"minecraft:andesite":43,"minecraft:bell":2,"minecraft:bookshelf":3,"minecraft:deepslate_iron_ore":39,"minecraft:vine":8,"minecraft:stripped_oak_log":1,"minecraft:bamboo_sapling":4,"minecraft:bamboo":79,"minecraft:stone":177,"minecraft:white_wool":9,"minecraft:smithing_table":1,"minecraft:oak_slab":29,"minecraft:glass_pane":12,"minecraft:soul_sand":13,"minecraft:basalt":5,"minecraft:dandelion":4,"minecraft:oak_fence":45,"minecraft:crafting_table":11,"minecraft:short_grass":147,"minecraft:lectern":56,"minecraft:tall_grass":17,"minecraft:copper_ore":3,"minecraft:lapis_ore":4,"minecraft:diorite":61,"minecraft:cobblestone_wall":1,"minecraft:waxed_oxidized_copper_grate":12,"minecraft:yellow_bed":5,"minecraft:gravel":34,"minecraft:cobweb":15,"minecraft:gold_ore":4,"minecraft:fern":3},"minecraft:dropped":{"minecraft:porkchop":2,"minecraft:crafting_table":1,"minecraft:ominous_bottle":1,"minecraft:diamond_axe":6,"minecraft:cooked_beef":12,"minecraft:oak_log":192,"minecraft:baked_potato":102,"minecraft:glow_ink_sac":3,"minecraft:glass_bottle":2,"minecraft:ender_pearl":1,"minecraft:diamond":27,"minecraft:leather":5,"minecraft:fletching_table":16,"minecraft:flint":7,"minecraft:emerald":67,"minecraft:cobblestone_stairs":4,"minecraft:dirt":54,"minecraft:gray_concrete":2,"minecraft:waxed_oxidized_chiseled_copper":1,"minecraft:cornflower":1,"minecraft:crimson_roots":1,"minecraft:gold_nugget":42,"minecraft:bone_meal":58,"minecraft:sand":80,"minecraft:bolt_armor_trim_smithing_template":1,"minecraft:iron_pickaxe":1,"minecraft:stripped_oak_wood":2,"minecraft:white_wool":20,"minecraft:bone":37,"minecraft:oak_door":2,"minecraft:gravel":27,"minecraft:cooked_chicken":3,"minecraft:chiseled_tuff_bricks":1,"minecraft:cobbled_deepslate":2,"minecraft:wheat":6,"minecraft:yellow_wool":9,"minecraft:rotten_flesh":16,"minecraft:grindstone":1,"minecraft:enchanted_golden_apple":1,"minecraft:oak_planks":68,"minecraft:diamond_shovel":1,"minecraft:honey_bottle":1,"minecraft:white_bed":3,"minecraft:waxed_copper_block":1,"minecraft:wind_charge":35,"minecraft:music_disc_creator":1,"minecraft:poppy":9,"minecraft:tipped_arrow":50,"minecraft:chainmail_boots":1,"minecraft:leather_leggings":1,"minecraft:arrow":16,"minecraft:scaffolding":3,"minecraft:splash_potion":2,"minecraft:netherrack":82,"minecraft:water_bucket":2,"minecraft:iron_ingot":39,"minecraft:bread":12,"minecraft:oak_slab":29,"minecraft:wheat_seeds":31,"minecraft:mossy_cobblestone":9,"minecraft:poisonous_potato":1,"minecraft:oak_fence":45,"minecraft:iron_helmet":1,"minecraft:cobblestone":177,"minecraft:granite":62,"minecraft:ominous_trial_key":4,"minecraft:coal":9,"minecraft:flow_armor_trim_smithing_template":1,"minecraft:stick":7818,"minecraft:golden_carrot":2,"minecraft:torch":11,"minecraft:white_concrete":1,"minecraft:potion":3,"minecraft:iron_leggings":12,"minecraft:oak_stairs":81,"minecraft:white_banner":1,"minecraft:string":204,"minecraft:bamboo_planks":18,"minecraft:tuff_bricks":4,"minecraft:cobblestone_wall":1,"minecraft:tuff":45,"minecraft:diamond_hoe":1,"minecraft:composter":2,"minecraft:light_gray_wool":1,"minecraft:iron_boots":1,"minecraft:iron_hoe":1,"minecraft:light_gray_concrete":2,"minecraft:shears":1,"minecraft:flint_and_steel":1,"minecraft:blast_furnace":1,"minecraft:diamond_sword":2,"minecraft:shield":3,"minecraft:trial_key":9,"minecraft:diamond_chestplate":2,"minecraft:iron_chestplate":3,"minecraft:diamond_pickaxe":4,"minecraft:yellow_bed":2,"minecraft:stone_bricks":3,"minecraft:spider_eye":29,"minecraft:bamboo":220,"minecraft:diamond_boots":1,"minecraft:bow":1,"minecraft:waxed_oxidized_copper_grate":11,"minecraft:brick":11},"minecraft:custom":{"minecraft:interact_with_crafting_table":51,"minecraft:open_barrel":5,"minecraft:bell_ring":79,"minecraft:leave_game":6,"minecraft:time_since_death":560980,"minecraft:sprint_one_cm":1240528,"minecraft:damage_blocked_by_shield":1364,"minecraft:drop":375,"minecraft:talked_to_villager":246,"minecraft:play_time":925391,"minecraft:deaths":2,"minecraft:jump":9105,"minecraft:walk_on_water_one_cm":52577,"minecraft:interact_with_furnace":31,"minecraft:traded_with_villager":575,"minecraft:sleep_in_bed":39,"minecraft:damage_dealt":63354,"minecraft:player_kills":3,"minecraft:crouch_one_cm":82253,"minecraft:interact_with_smoker":35,"minecraft:inspect_dispenser":11,"minecraft:interact_with_anvil":13,"minecraft:mob_kills":392,"minecraft:inspect_hopper":2,"minecraft:climb_one_cm":22466,"minecraft:walk_one_cm":1718254,"minecraft:sneak_time":26408,"minecraft:walk_under_water_one_cm":8721,"minecraft:interact_with_blast_furnace":24,"minecraft:total_world_time":925391,"minecraft:interact_with_grindstone":1,"minecraft:time_since_rest":54528,"minecraft:damage_taken":6151,"minecraft:damage_absorbed":32,"minecraft:swim_one_cm":22426,"minecraft:fly_one_cm":2648928,"minecraft:open_chest":308,"minecraft:fall_one_cm":237843},"minecraft:killed":{"minecraft:zombified_piglin":2,"minecraft:spider":114,"minecraft:skeleton":10,"minecraft:chicken":4,"minecraft:silverfish":89,"minecraft:piglin":7,"minecraft:pig":4,"minecraft:zombie_villager":1,"minecraft:iron_golem":13,"minecraft:creeper":5,"minecraft:sheep":12,"minecraft:trader_llama":4,"minecraft:zombie":30,"minecraft:ghast":1,"minecraft:stray":41,"minecraft:cow":8,"minecraft:endermite":2,"minecraft:wandering_trader":2,"minecraft:hoglin":2,"minecraft:breeze":27,"minecraft:villager":6,"minecraft:enderman":1},"minecraft:picked_up":{"minecraft:wooden_axe":1,"minecraft:iron_chestplate":3,"minecraft:wheat":6,"minecraft:black_carpet":9,"minecraft:diamond_sword":2,"minecraft:yellow_wool":9,"minecraft:smithing_table":2,"minecraft:lead":4,"minecraft:oak_stairs":82,"minecraft:potion":3,"minecraft:enchanted_book":8,"minecraft:brewing_stand":14,"minecraft:string":206,"minecraft:soul_soil":4,"minecraft:raw_copper":39,"minecraft:iron_leggings":2,"minecraft:experience_bottle":84,"minecraft:diamond_leggings":2,"minecraft:gold_nugget":42,"minecraft:cobbled_deepslate":206,"minecraft:bucket":1,"minecraft:trial_key":10,"minecraft:iron_pickaxe":2,"minecraft:enchanted_golden_apple":1,"minecraft:furnace":2,"minecraft:iron_boots":1,"minecraft:tipped_arrow":55,"minecraft:stick":4313,"minecraft:composter":5,"minecraft:oak_fence":45,"minecraft:torch":82,"minecraft:porkchop":18,"minecraft:diorite":62,"minecraft:honey_bottle":1,"minecraft:rotten_flesh":28,"minecraft:iron_block":1,"minecraft:obsidian":9,"minecraft:cobblestone":423,"minecraft:feather":4,"minecraft:cooked_beef":14,"minecraft:andesite":43,"minecraft:water_bucket":1,"minecraft:jungle_log":159,"minecraft:brown_wool":2,"minecraft:smoker":6,"minecraft:potato":1,"minecraft:flint":34,"minecraft:tuff":90,"minecraft:gray_concrete":1,"minecraft:lapis_lazuli":42,"minecraft:dirt":521,"minecraft:glass":18,"minecraft:bone":115,"minecraft:bow":2,"minecraft:wheat_seeds":55,"minecraft:raw_gold":8,"minecraft:bell":2,"minecraft:grindstone":1,"minecraft:bolt_armor_trim_smithing_template":2,"minecraft:diamond_helmet":2,"minecraft:bamboo":1112,"minecraft:oak_planks":408,"minecraft:poisonous_potato":1,"minecraft:jungle_planks":1,"minecraft:sand":85,"minecraft:mossy_cobblestone":9,"minecraft:iron_hoe":1,"minecraft:light_gray_concrete":1,"minecraft:diamond":13,"minecraft:waxed_oxidized_copper_grate":11,"minecraft:granite":125,"minecraft:crossbow":1,"minecraft:breeze_rod":42,"minecraft:bone_meal":72,"minecraft:emerald":142,"minecraft:bread":12,"minecraft:oak_sapling":6,"minecraft:netherrack":2331,"minecraft:ominous_trial_key":7,"minecraft:crimson_roots":2,"minecraft:diamond_pickaxe":6,"minecraft:crafting_table":12,"minecraft:ominous_bottle":5,"minecraft:splash_potion":2,"minecraft:chicken":4,"minecraft:leather_leggings":2,"minecraft:wooden_pickaxe":1,"minecraft:music_disc_creator":3,"minecraft:brick":15,"minecraft:shield":2,"minecraft:wind_charge":44,"minecraft:cornflower":2,"minecraft:oak_trapdoor":4,"minecraft:flint_and_steel":1,"minecraft:glass_pane":1,"minecraft:beef":18,"minecraft:jungle_sapling":39,"minecraft:poppy":10,"minecraft:light_gray_wool":1,"minecraft:lectern":57,"minecraft:sugar_cane":30,"minecraft:diamond_hoe":1,"minecraft:egg":5,"minecraft:raw_iron":49,"minecraft:oak_door":3,"minecraft:carrot":2,"minecraft:redstone":23,"minecraft:waxed_oxidized_chiseled_copper":1,"minecraft:stone_shovel":1,"minecraft:arrow":133,"minecraft:diamond_chestplate":4,"minecraft:beetroot_seeds":1,"minecraft:shears":1,"minecraft:deepslate_bricks":273,"minecraft:diamond_boots":3,"minecraft:flow_armor_trim_smithing_template":2,"minecraft:tuff_bricks":4,"minecraft:mutton":31,"minecraft:white_wool":31,"minecraft:stripped_oak_log":1,"minecraft:golden_carrot":4,"minecraft:glow_ink_sac":3,"minecraft:leather":15,"minecraft:oak_log":524,"minecraft:waxed_copper_block":1,"minecraft:nether_wart_block":1,"minecraft:cobblestone_stairs":4,"minecraft:cobblestone_wall":1,"minecraft:yellow_bed":7,"minecraft:gunpowder":6,"minecraft:white_banner":1,"minecraft:stone_bricks":3,"minecraft:iron_ingot":54,"minecraft:cooked_chicken":3,"minecraft:stripped_oak_wood":2,"minecraft:glass_bottle":2,"minecraft:soul_sand":7,"minecraft:book":15,"minecraft:oak_slab":29,"minecraft:emerald_block":1,"minecraft:bamboo_planks":9,"minecraft:heavy_core":1,"minecraft:quartz":6,"minecraft:dandelion":2,"minecraft:raw_iron_block":2,"minecraft:gravel":35,"minecraft:white_bed":19,"minecraft:spider_eye":29,"minecraft:diamond_shovel":1,"minecraft:iron_helmet":1,"minecraft:diamond_axe":7,"minecraft:baked_potato":228,"minecraft:chiseled_tuff_bricks":1,"minecraft:coal":133,"minecraft:ender_pearl":1},"minecraft:killed_by":{"minecraft:player":1},"minecraft:used":{"minecraft:polished_deepslate":78,"minecraft:oak_sign":4,"minecraft:polished_basalt":286,"minecraft:poppy":1,"minecraft:diamond_hoe":10,"minecraft:black_carpet":38,"minecraft:decorated_pot":1,"minecraft:chest":29,"minecraft:shield":35,"minecraft:stone":261,"minecraft:stripped_jungle_wood":5,"minecraft:bell":3,"minecraft:soul_sand":7,"minecraft:jungle_planks":1,"minecraft:carrot":2,"minecraft:obsidian":9,"minecraft:glass":26,"minecraft:jungle_sapling":46,"minecraft:lava_bucket":1,"minecraft:stripped_dark_oak_wood":293,"minecraft:villager_spawn_egg":3,"minecraft:spruce_wood":5,"minecraft:grass_block":296,"minecraft:ominous_bottle":1,"minecraft:oak_sapling":6,"minecraft:furnace":2,"minecraft:beetroot_seeds":1,"minecraft:egg":5,"minecraft:stripped_spruce_wood":3,"minecraft:diamond_boots":2,"minecraft:oak_planks":89,"minecraft:stone_pickaxe":132,"minecraft:ender_pearl":17,"minecraft:wooden_pickaxe":10,"minecraft:composter":3,"minecraft:sugar_cane":30,"minecraft:diamond_axe":940,"minecraft:golden_apple":1,"minecraft:yellow_terracotta":285,"minecraft:crossbow":15,"minecraft:gray_concrete":12,"minecraft:shears":18,"minecraft:black_concrete":69,"minecraft:mace":73,"minecraft:light_gray_concrete":28,"minecraft:lectern":58,"minecraft:nether_wart_block":1,"minecraft:diamond_sword":631,"minecraft:stripped_oak_wood":3,"minecraft:grindstone":1,"minecraft:white_concrete":14,"minecraft:oak_boat":1,"minecraft:bone_meal":157,"minecraft:experience_bottle":205,"minecraft:oak_trapdoor":11,"minecraft:flint_and_steel":263,"minecraft:stone_shovel":109,"minecraft:trial_key":8,"minecraft:cooked_chicken":3,"minecraft:netherrack":710,"minecraft:torch":22,"minecraft:brewing_stand":14,"minecraft:dirt":671,"minecraft:anvil":1,"minecraft:hopper":1,"minecraft:diamond_helmet":2,"minecraft:granite":1,"minecraft:oak_fence_gate":1,"minecraft:iron_hoe":584,"minecraft:wooden_axe":49,"minecraft:sea_lantern":24,"minecraft:bookshelf":3,"minecraft:oak_stairs":1,"minecraft:jungle_log":1,"minecraft:bamboo":409,"minecraft:smooth_basalt":1,"minecraft:diamond_chestplate":2,"minecraft:basalt":381,"minecraft:golden_carrot":2,"minecraft:soul_soil":4,"minecraft:cooked_beef":6,"minecraft:cobbled_deepslate":1,"minecraft:orange_terracotta":7,"minecraft:powder_snow_bucket":10,"minecraft:wheat_seeds":6,"minecraft:cooked_mutton":17,"minecraft:water_bucket":5,"minecraft:baked_potato":102,"minecraft:cobblestone_slab":3,"minecraft:deepslate_bricks":126,"minecraft:crafting_table":11,"minecraft:white_bed":20,"minecraft:spruce_log":26,"minecraft:smoker":3,"minecraft:oak_log":1,"minecraft:gray_terracotta":276,"minecraft:diamond_pickaxe":3191,"minecraft:ominous_trial_key":5,"minecraft:diamond_shovel":415,"minecraft:wind_charge":173,"minecraft:iron_pickaxe":180,"minecraft:stone_axe":118,"minecraft:cobblestone":305,"minecraft:cooked_porkchop":8,"minecraft:bucket":4,"minecraft:glass_pane":1,"minecraft:yellow_bed":4,"minecraft:diamond_leggings":1}},"DataVersion":3953}