{"stats":{"minecraft:mined":{"minecraft:smithing_table":1,"minecraft:white_bed":5,"minecraft:smoker":2,"minecraft:crafting_table":3,"minecraft:granite":63,"minecraft:short_grass":36,"minecraft:grass_block":6,"minecraft:jungle_log":1,"minecraft:cobblestone":17,"minecraft:lapis_ore":4,"minecraft:sugar_cane":5,"minecraft:oak_planks":1,"minecraft:diorite":50,"minecraft:furnace":1,"minecraft:iron_ore":6,"minecraft:andesite":43,"minecraft:yellow_bed":1,"minecraft:oak_log":101,"minecraft:gravel":5,"minecraft:dirt":43,"minecraft:stone":117,"minecraft:gold_ore":4,"minecraft:oak_leaves":3,"minecraft:deepslate":3},"minecraft:broken":{"minecraft:stone_pickaxe":1,"minecraft:stone_axe":1},"minecraft:custom":{"minecraft:interact_with_furnace":1,"minecraft:mob_kills":15,"minecraft:interact_with_crafting_table":6,"minecraft:leave_game":2,"minecraft:time_since_death":51870,"minecraft:sleep_in_bed":4,"minecraft:climb_one_cm":439,"minecraft:time_since_rest":8730,"minecraft:sprint_one_cm":87210,"minecraft:damage_taken":80,"minecraft:walk_one_cm":81561,"minecraft:drop":5,"minecraft:damage_dealt":1562,"minecraft:fly_one_cm":256313,"minecraft:open_chest":3,"minecraft:crouch_one_cm":6512,"minecraft:play_time":51870,"minecraft:sneak_time":2163,"minecraft:jump":1066,"minecraft:walk_on_water_one_cm":321,"minecraft:interact_with_smoker":6,"minecraft:total_world_time":51870,"minecraft:fall_one_cm":19797},"minecraft:used":{"minecraft:cooked_mutton":4,"minecraft:stone_shovel":54,"minecraft:stone_pickaxe":132,"minecraft:oak_planks":1,"minecraft:wooden_pickaxe":10,"minecraft:sugar_cane":10,"minecraft:cooked_chicken":2,"minecraft:torch":1,"minecraft:crafting_table":3,"minecraft:white_bed":5,"minecraft:granite":1,"minecraft:smoker":2,"minecraft:wooden_axe":27,"minecraft:iron_pickaxe":171,"minecraft:stone_axe":118,"minecraft:cobblestone":242,"minecraft:oak_sapling":2,"minecraft:furnace":1,"minecraft:egg":1},"minecraft:dropped":{"minecraft:wheat_seeds":2,"minecraft:rotten_flesh":1,"minecraft:light_gray_wool":1,"minecraft:string":1},"minecraft:crafted":{"minecraft:oak_planks":28,"minecraft:stone_shovel":1,"minecraft:crafting_table":1,"minecraft:wooden_pickaxe":1,"minecraft:cooked_chicken":2,"minecraft:stone_axe":1,"minecraft:cooked_mutton":5,"minecraft:air":0,"minecraft:stick":12,"minecraft:stone_pickaxe":1,"minecraft:wooden_axe":1,"minecraft:smoker":1},"minecraft:picked_up":{"minecraft:crafting_table":3,"minecraft:feather":2,"minecraft:chicken":3,"minecraft:jungle_log":1,"minecraft:andesite":43,"minecraft:brown_wool":1,"minecraft:smithing_table":1,"minecraft:smoker":2,"minecraft:oak_log":97,"minecraft:yellow_bed":1,"minecraft:string":1,"minecraft:lapis_lazuli":21,"minecraft:cornflower":1,"minecraft:dirt":49,"minecraft:wheat_seeds":3,"minecraft:cobbled_deepslate":3,"minecraft:raw_gold":4,"minecraft:light_gray_wool":1,"minecraft:sugar_cane":10,"minecraft:oak_planks":1,"minecraft:egg":2,"minecraft:furnace":1,"minecraft:stick":2,"minecraft:raw_iron":6,"minecraft:torch":1,"minecraft:gravel":5,"minecraft:porkchop":3,"minecraft:diorite":50,"minecraft:white_bed":5,"minecraft:rotten_flesh":1,"minecraft:granite":63,"minecraft:oak_sapling":2,"minecraft:mutton":10,"minecraft:coal":63,"minecraft:white_wool":5,"minecraft:cobblestone":134},"minecraft:killed":{"minecraft:pig":2,"minecraft:spider":1,"minecraft:sheep":6,"minecraft:zombie":2,"minecraft:chicken":3,"minecraft:villager":1}},"DataVersion":3953}