{"stats":{"minecraft:broken":{"minecraft:iron_shovel":1,"minecraft:golden_pickaxe":1},"minecraft:mined":{"minecraft:nether_gold_ore":7,"minecraft:diamond_ore":2,"minecraft:white_bed":16,"minecraft:deepslate_diamond_ore":10,"minecraft:cherry_log":67,"minecraft:obsidian":1,"minecraft:granite":17,"minecraft:grass_block":393,"minecraft:cracked_polished_blackstone_bricks":29,"minecraft:composter":2,"minecraft:polished_blackstone_bricks":37,"minecraft:polished_basalt":1,"minecraft:furnace":1,"minecraft:iron_ore":39,"minecraft:cobbled_deepslate":10,"minecraft:fire":8,"minecraft:andesite":3,"minecraft:fletching_table":4,"minecraft:gold_block":14,"minecraft:bell":3,"minecraft:deepslate_iron_ore":2,"minecraft:dirt_path":36,"minecraft:rail":1,"minecraft:stone":627,"minecraft:white_wool":1,"minecraft:smithing_table":2,"minecraft:deepslate_redstone_ore":14,"minecraft:oak_slab":2,"minecraft:cherry_planks":8,"minecraft:blackstone":10,"minecraft:basalt":4,"minecraft:oak_fence":3,"minecraft:crafting_table":11,"minecraft:torch":1,"minecraft:short_grass":95,"minecraft:blast_furnace":5,"minecraft:chest":2,"minecraft:lectern":101,"minecraft:nether_quartz_ore":3,"minecraft:tall_grass":19,"minecraft:copper_ore":3,"minecraft:cobblestone":7,"minecraft:deepslate_gold_ore":4,"minecraft:sugar_cane":6,"minecraft:diorite":1,"minecraft:pink_petals":4,"minecraft:yellow_wool":1,"minecraft:stripped_oak_wood":1,"minecraft:yellow_bed":13,"minecraft:oak_log":12,"minecraft:coal_ore":112,"minecraft:cherry_leaves":3,"minecraft:sand":1,"minecraft:sunflower":4,"minecraft:gravel":1,"minecraft:dirt":178,"minecraft:netherrack":178,"minecraft:deepslate":9},"minecraft:custom":{"minecraft:interact_with_anvil":20,"minecraft:mob_kills":76,"minecraft:interact_with_crafting_table":37,"minecraft:open_barrel":3,"minecraft:bell_ring":62,"minecraft:leave_game":2,"minecraft:time_since_death":433087,"minecraft:climb_one_cm":440,"minecraft:sprint_one_cm":645394,"minecraft:walk_one_cm":911501,"minecraft:damage_blocked_by_shield":284,"minecraft:drop":287,"minecraft:talked_to_villager":239,"minecraft:play_time":433087,"minecraft:sneak_time":12774,"minecraft:walk_under_water_one_cm":12012,"minecraft:boat_one_cm":8627,"minecraft:jump":6255,"minecraft:interact_with_blast_furnace":18,"minecraft:walk_on_water_one_cm":23355,"minecraft:total_world_time":433087,"minecraft:interact_with_furnace":19,"minecraft:traded_with_villager":453,"minecraft:interact_with_grindstone":4,"minecraft:sleep_in_bed":34,"minecraft:time_since_rest":5020,"minecraft:damage_taken":3273,"minecraft:damage_dealt":15360,"minecraft:player_kills":1,"minecraft:swim_one_cm":40071,"minecraft:fly_one_cm":1396788,"minecraft:open_chest":145,"minecraft:crouch_one_cm":50028,"minecraft:fall_one_cm":158364},"minecraft:used":{"minecraft:oak_fence":3,"minecraft:cherry_sapling":1,"minecraft:iron_shovel":709,"minecraft:stone_sword":50,"minecraft:flint_and_steel":2,"minecraft:chest":12,"minecraft:shield":6,"minecraft:iron_sword":139,"minecraft:stone":174,"minecraft:bell":3,"minecraft:rotten_flesh":4,"minecraft:iron_chestplate":2,"minecraft:torch":5,"minecraft:dirt":134,"minecraft:mutton":19,"minecraft:anvil":1,"minecraft:chainmail_chestplate":1,"minecraft:obsidian":13,"minecraft:wooden_axe":26,"minecraft:lava_bucket":4,"minecraft:coal_ore":1,"minecraft:iron_axe":149,"minecraft:grass_block":114,"minecraft:golden_carrot":2,"minecraft:dark_oak_boat":1,"minecraft:egg":23,"minecraft:cobbled_deepslate":12,"minecraft:cherry_log":1,"minecraft:golden_axe":69,"minecraft:cooked_mutton":1,"minecraft:diamond_boots":2,"minecraft:stone_pickaxe":91,"minecraft:diamond_axe":12,"minecraft:sugar_cane":12,"minecraft:ender_pearl":1,"minecraft:wooden_pickaxe":10,"minecraft:cherry_planks":204,"minecraft:fletching_table":7,"minecraft:sand":1,"minecraft:crafting_table":10,"minecraft:blast_furnace":4,"minecraft:crossbow":1,"minecraft:white_bed":18,"minecraft:painting":25,"minecraft:oak_log":2,"minecraft:diamond_pickaxe":953,"minecraft:sunflower":1,"minecraft:cracked_polished_blackstone_bricks":26,"minecraft:bread":75,"minecraft:iron_pickaxe":84,"minecraft:lectern":104,"minecraft:gravel":1,"minecraft:stone_axe":6,"minecraft:diamond_sword":38,"minecraft:wooden_sword":32,"minecraft:cobblestone":43,"minecraft:porkchop":12,"minecraft:grindstone":1,"minecraft:smithing_table":3,"minecraft:bucket":4,"minecraft:yellow_bed":15,"minecraft:golden_pickaxe":32,"minecraft:bone_meal":24},"minecraft:crafted":{"minecraft:cherry_planks":3544,"minecraft:wooden_sword":1,"minecraft:oak_planks":36,"minecraft:stone_shovel":36,"minecraft:dark_oak_boat":1,"minecraft:stone":6,"minecraft:bone_meal":48,"minecraft:diamond_helmet":2,"minecraft:diamond_leggings":2,"minecraft:iron_boots":13,"minecraft:iron_axe":35,"minecraft:stone_pickaxe":1,"minecraft:chest":12,"minecraft:diamond_boots":3,"minecraft:netherite_upgrade_smithing_template":4,"minecraft:rail":144,"minecraft:dark_oak_planks":32,"minecraft:golden_boots":2,"minecraft:diamond_sword":1,"minecraft:emerald":279,"minecraft:diamond_axe":1,"minecraft:crafting_table":1,"minecraft:powered_rail":6,"minecraft:iron_helmet":13,"minecraft:wooden_pickaxe":1,"minecraft:iron_sword":1,"minecraft:chainmail_chestplate":12,"minecraft:stone_axe":37,"minecraft:enchanted_book":12,"minecraft:air":0,"minecraft:iron_chestplate":1,"minecraft:diamond_pickaxe":3,"minecraft:stick":6810,"minecraft:iron_ingot":77,"minecraft:iron_pickaxe":1,"minecraft:wooden_axe":1,"minecraft:stone_sword":1,"minecraft:gold_ingot":177,"minecraft:iron_shovel":7,"minecraft:iron_leggings":1,"minecraft:white_bed":3,"minecraft:torch":64,"minecraft:diamond_chestplate":2},"minecraft:dropped":{"minecraft:golden_boots":4,"minecraft:iron_ingot":10,"minecraft:bread":14,"minecraft:iron_sword":1,"minecraft:oak_slab":1,"minecraft:wheat_seeds":27,"minecraft:cherry_log":59,"minecraft:glow_ink_sac":3,"minecraft:diamond":126,"minecraft:dripstone_block":3,"minecraft:diamond_leggings":1,"minecraft:crossbow":2,"minecraft:netherite_upgrade_smithing_template":1,"minecraft:iron_helmet":13,"minecraft:cobblestone":2,"minecraft:leather":2,"minecraft:granite":15,"minecraft:copper_door":1,"minecraft:rail":144,"minecraft:grass_block":23,"minecraft:coal":43,"minecraft:stick":512,"minecraft:lava_bucket":17,"minecraft:dirt":90,"minecraft:diorite":3,"minecraft:torch":64,"minecraft:mutton":1,"minecraft:cherry_planks":228,"minecraft:diamond_helmet":1,"minecraft:iron_leggings":1,"minecraft:gold_nugget":4,"minecraft:wooden_sword":1,"minecraft:sunflower":3,"minecraft:golden_hoe":1,"minecraft:iron_axe":34,"minecraft:polished_blackstone_bricks":5,"minecraft:iron_shovel":7,"minecraft:dark_oak_planks":44,"minecraft:string":1,"minecraft:pink_petals":11,"minecraft:white_wool":3,"minecraft:bone":4,"minecraft:stone_axe":36,"minecraft:blackstone":3,"minecraft:golden_chestplate":2,"minecraft:composter":2,"minecraft:raw_iron":47,"minecraft:pointed_dripstone":9,"minecraft:stone_shovel":36,"minecraft:cherry_sapling":3,"minecraft:rotten_flesh":1,"minecraft:iron_boots":13,"minecraft:white_bed":3,"minecraft:chainmail_chestplate":12,"minecraft:poppy":3,"minecraft:stone":61,"minecraft:gunpowder":1,"minecraft:diamond_chestplate":1,"minecraft:iron_chestplate":1,"minecraft:andesite":3,"minecraft:yellow_bed":1,"minecraft:golden_leggings":2,"minecraft:golden_sword":1,"minecraft:leather_leggings":1,"minecraft:spider_eye":1,"minecraft:blackstone_slab":1,"minecraft:diamond_boots":5,"minecraft:arrow":16,"minecraft:wooden_pickaxe":1,"minecraft:quartz":8},"minecraft:picked_up":{"minecraft:crafting_table":9,"minecraft:leather_leggings":1,"minecraft:smithing_table":2,"minecraft:lead":2,"minecraft:gold_block":14,"minecraft:golden_sword":1,"minecraft:shield":1,"minecraft:string":1,"minecraft:blackstone":11,"minecraft:gold_nugget":49,"minecraft:cobbled_deepslate":39,"minecraft:netherite_upgrade_smithing_template":1,"minecraft:poppy":5,"minecraft:lectern":101,"minecraft:sugar_cane":12,"minecraft:chest":2,"minecraft:egg":27,"minecraft:copper_ore":3,"minecraft:stick":615,"minecraft:raw_iron":50,"minecraft:stone":40,"minecraft:composter":2,"minecraft:oak_fence":1,"minecraft:torch":3,"minecraft:porkchop":12,"minecraft:polished_blackstone_bricks":35,"minecraft:cherry_log":114,"minecraft:pointed_dripstone":9,"minecraft:diorite":3,"minecraft:carrot":1,"minecraft:redstone":79,"minecraft:copper_door":1,"minecraft:golden_chestplate":2,"minecraft:dark_oak_planks":22,"minecraft:arrow":15,"minecraft:rotten_flesh":6,"minecraft:diamond_boots":6,"minecraft:obsidian":1,"minecraft:mutton":20,"minecraft:rail":144,"minecraft:white_wool":13,"minecraft:cobblestone":600,"minecraft:pink_petals":11,"minecraft:basalt":4,"minecraft:cherry_planks":214,"minecraft:glow_ink_sac":3,"minecraft:andesite":3,"minecraft:dark_oak_boat":1,"minecraft:leather":2,"minecraft:golden_leggings":1,"minecraft:blackstone_slab":1,"minecraft:oak_log":11,"minecraft:golden_boots":1,"minecraft:yellow_bed":16,"minecraft:gunpowder":1,"minecraft:dirt":393,"minecraft:cooked_mutton":1,"minecraft:bone":11,"minecraft:wheat_seeds":31,"minecraft:raw_gold":10,"minecraft:bell":3,"minecraft:iron_ingot":69,"minecraft:fletching_table":5,"minecraft:oak_planks":1,"minecraft:iron_sword":1,"minecraft:oak_slab":1,"minecraft:quartz":8,"minecraft:dripstone_block":3,"minecraft:gravel":1,"minecraft:sand":1,"minecraft:blast_furnace":5,"minecraft:white_bed":19,"minecraft:grass_block":344,"minecraft:spider_eye":1,"minecraft:coal_ore":1,"minecraft:diamond":22,"minecraft:cracked_polished_blackstone_bricks":28,"minecraft:crossbow":1,"minecraft:granite":23,"minecraft:painting":4,"minecraft:cherry_sapling":28,"minecraft:bread":6,"minecraft:emerald":492,"minecraft:netherrack":179,"minecraft:coal":290,"minecraft:sunflower":5,"minecraft:ender_pearl":1},"minecraft:killed":{"minecraft:spider":5,"minecraft:skeleton":12,"minecraft:piglin_brute":1,"minecraft:magma_cube":2,"minecraft:piglin":6,"minecraft:pig":5,"minecraft:iron_golem":4,"minecraft:wandering_trader":1,"minecraft:creeper":1,"minecraft:sheep":13,"minecraft:trader_llama":2,"minecraft:zombie":17,"minecraft:villager":3,"minecraft:enderman":1}},"DataVersion":3953}