{"stats":{"minecraft:mined":{"minecraft:pink_petals":3,"minecraft:short_grass":5,"minecraft:cherry_log":8},"minecraft:killed_by":{"minecraft:player":1},"minecraft:used":{"minecraft:wooden_axe":5,"minecraft:pink_petals":4,"minecraft:crafting_table":1},"minecraft:custom":{"minecraft:time_since_rest":1379,"minecraft:play_time":3304,"minecraft:sprint_one_cm":3238,"minecraft:deaths":1,"minecraft:damage_taken":252,"minecraft:walk_one_cm":7188,"minecraft:drop":5,"minecraft:jump":45,"minecraft:damage_dealt":16,"minecraft:leave_game":1,"minecraft:time_since_death":1342,"minecraft:total_world_time":3304,"minecraft:interact_with_crafting_table":1,"minecraft:fall_one_cm":418,"minecraft:fly_one_cm":1065},"minecraft:dropped":{"minecraft:wheat_seeds":2,"minecraft:pink_petals":3},"minecraft:crafted":{"minecraft:cherry_planks":28,"minecraft:crafting_table":1,"minecraft:stick":4,"minecraft:wooden_axe":1},"minecraft:picked_up":{"minecraft:pink_petals":7,"minecraft:wheat_seeds":3,"minecraft:cherry_log":8}},"DataVersion":3953}