{"stats":{"minecraft:crafted":{"minecraft:bookshelf":1,"minecraft:diamond_helmet":1,"minecraft:diamond_leggings":1,"minecraft:iron_axe":1,"minecraft:diamond_boots":1,"minecraft:golden_boots":1,"minecraft:diamond_sword":1,"minecraft:diamond_axe":1,"minecraft:enchanted_book":1,"minecraft:diamond_pickaxe":1,"minecraft:shield":1,"minecraft:iron_pickaxe":1,"minecraft:gold_ingot":4},"minecraft:mined":{"minecraft:nether_gold_ore":1,"minecraft:crimson_roots":3,"minecraft:weeping_vines":1,"minecraft:crimson_fungus":2,"minecraft:crimson_stem":6,"minecraft:weeping_vines_plant":1,"minecraft:potatoes":61,"minecraft:bookshelf":2,"minecraft:white_banner":1,"minecraft:crimson_nylium":7,"minecraft:dandelion":3,"minecraft:crafting_table":1,"minecraft:short_grass":15,"minecraft:poppy":2,"minecraft:tall_grass":1,"minecraft:netherrack":948,"minecraft:oak_leaves":1},"minecraft:dropped":{"minecraft:enchanted_book":3,"minecraft:iron_ingot":60,"minecraft:bread":10,"minecraft:wheat_seeds":3,"minecraft:diamond_axe":3,"minecraft:ominous_bottle":1,"minecraft:cooked_beef":12,"minecraft:diamond":17,"minecraft:diamond_leggings":3,"minecraft:yellow_terracotta":2,"minecraft:cobblestone":2,"minecraft:leather":2,"minecraft:ominous_trial_key":1,"minecraft:flow_armor_trim_smithing_template":1,"minecraft:emerald":192,"minecraft:gray_concrete":2,"minecraft:torch":44,"minecraft:diamond_helmet":2,"minecraft:potion":2,"minecraft:gold_nugget":1,"minecraft:sand":8,"minecraft:bolt_armor_trim_smithing_template":2,"minecraft:iron_pickaxe":2,"minecraft:string":3,"minecraft:dandelion":3,"minecraft:rotten_flesh":2,"minecraft:enchanted_golden_apple":3,"minecraft:honey_bottle":4,"minecraft:white_bed":1,"minecraft:salmon":1,"minecraft:carrot":3,"minecraft:music_disc_creator":3,"minecraft:diamond_sword":2,"minecraft:poppy":2,"minecraft:potato":6,"minecraft:shield":2,"minecraft:gunpowder":2,"minecraft:diamond_chestplate":2,"minecraft:diamond_pickaxe":1,"minecraft:leather_leggings":1,"minecraft:breeze_rod":2,"minecraft:stone_bricks":3,"minecraft:spider_eye":1,"minecraft:bamboo":39,"minecraft:diamond_boots":2,"minecraft:arrow":184,"minecraft:bow":1,"minecraft:beef":3,"minecraft:brick":4},"minecraft:custom":{"minecraft:interact_with_anvil":2,"minecraft:mob_kills":19,"minecraft:interact_with_crafting_table":4,"minecraft:bell_ring":1,"minecraft:leave_game":1,"minecraft:time_since_death":13831,"minecraft:damage_resisted":57,"minecraft:climb_one_cm":863,"minecraft:sprint_one_cm":153143,"minecraft:walk_one_cm":229420,"minecraft:damage_blocked_by_shield":587,"minecraft:drop":655,"minecraft:talked_to_villager":24,"minecraft:play_time":51899,"minecraft:deaths":3,"minecraft:sneak_time":453,"minecraft:walk_under_water_one_cm":4911,"minecraft:jump":621,"minecraft:interact_with_brewingstand":1,"minecraft:walk_on_water_one_cm":5086,"minecraft:total_world_time":51899,"minecraft:traded_with_villager":6,"minecraft:time_since_rest":13910,"minecraft:damage_absorbed":112,"minecraft:damage_taken":2011,"minecraft:damage_dealt":4689,"minecraft:swim_one_cm":5331,"minecraft:fly_one_cm":63911,"minecraft:player_kills":1,"minecraft:open_chest":45,"minecraft:crouch_one_cm":1523,"minecraft:fall_one_cm":18580},"minecraft:killed":{"minecraft:zombified_piglin":4,"minecraft:skeleton":1,"minecraft:magma_cube":3,"minecraft:salmon":1,"minecraft:hoglin":2,"minecraft:creeper":1,"minecraft:pillager":3,"minecraft:zombie":3,"minecraft:cow":1},"minecraft:picked_up":{"minecraft:crafting_table":2,"minecraft:ominous_bottle":2,"minecraft:leather_leggings":1,"minecraft:diamond_sword":3,"minecraft:potion":2,"minecraft:enchanted_book":2,"minecraft:music_disc_creator":3,"minecraft:brick":4,"minecraft:shield":3,"minecraft:wind_charge":24,"minecraft:string":3,"minecraft:soul_soil":2,"minecraft:diamond_leggings":5,"minecraft:gold_nugget":48,"minecraft:beef":3,"minecraft:poppy":2,"minecraft:iron_pickaxe":2,"minecraft:enchanted_golden_apple":6,"minecraft:stick":59,"minecraft:torch":76,"minecraft:porkchop":4,"minecraft:carrot":3,"minecraft:weeping_vines":2,"minecraft:diamond_chestplate":5,"minecraft:arrow":184,"minecraft:honey_bottle":4,"minecraft:rotten_flesh":11,"minecraft:diamond_boots":2,"minecraft:yellow_terracotta":2,"minecraft:bookshelf":1,"minecraft:flow_armor_trim_smithing_template":1,"minecraft:cobblestone":2,"minecraft:cooked_beef":24,"minecraft:crimson_stem":6,"minecraft:salmon":1,"minecraft:leather":4,"minecraft:potato":476,"minecraft:crimson_fungus":2,"minecraft:gunpowder":2,"minecraft:gray_concrete":2,"minecraft:white_banner":2,"minecraft:stone_bricks":7,"minecraft:bow":2,"minecraft:wheat_seeds":3,"minecraft:iron_ingot":88,"minecraft:bolt_armor_trim_smithing_template":2,"minecraft:diamond_helmet":4,"minecraft:bamboo":52,"minecraft:soul_sand":5,"minecraft:book":5,"minecraft:quartz":58,"minecraft:dandelion":3,"minecraft:sand":8,"minecraft:white_bed":3,"minecraft:spider_eye":1,"minecraft:diamond":17,"minecraft:diamond_axe":5,"minecraft:breeze_rod":2,"minecraft:bread":20,"minecraft:emerald":219,"minecraft:baked_potato":7,"minecraft:netherrack":1188,"minecraft:ominous_trial_key":1,"minecraft:crimson_roots":4,"minecraft:diamond_pickaxe":3},"minecraft:killed_by":{"minecraft:player":2},"minecraft:used":{"minecraft:shield":9,"minecraft:netherrack":101,"minecraft:soul_sand":5,"minecraft:diamond_helmet":3,"minecraft:bookshelf":2,"minecraft:iron_axe":1,"minecraft:stone_bricks":1,"minecraft:bamboo":13,"minecraft:diamond_chestplate":2,"minecraft:soul_soil":2,"minecraft:cooked_beef":1,"minecraft:potato":113,"minecraft:enchanted_golden_apple":1,"minecraft:golden_boots":1,"minecraft:diamond_boots":1,"minecraft:baked_potato":4,"minecraft:diamond_axe":58,"minecraft:crafting_table":1,"minecraft:white_bed":1,"minecraft:diamond_pickaxe":959,"minecraft:wind_charge":24,"minecraft:bread":2,"minecraft:diamond_sword":21,"minecraft:white_banner":2,"minecraft:porkchop":3,"minecraft:diamond_leggings":3}},"DataVersion":3953}