{"stats":{"minecraft:crafted":{"minecraft:oak_planks":64,"minecraft:diamond_shovel":1,"minecraft:bookshelf":20,"minecraft:cooked_mutton":2,"minecraft:glass":30,"minecraft:diamond_helmet":3,"minecraft:bow":2,"minecraft:diamond_leggings":3,"minecraft:iron_boots":1,"minecraft:chest":5,"minecraft:copper_block":3,"minecraft:stone_hoe":3,"minecraft:smoker":1,"minecraft:oak_slab":12,"minecraft:emerald":372,"minecraft:arrow":192,"minecraft:diamond_axe":1,"minecraft:crafting_table":4,"minecraft:iron_helmet":1,"minecraft:wooden_pickaxe":1,"minecraft:baked_potato":96,"minecraft:copper_door":3,"minecraft:copper_ingot":60,"minecraft:oak_wood":3,"minecraft:lectern":6,"minecraft:iron_chestplate":1,"minecraft:book":13,"minecraft:paper":60,"minecraft:diamond_pickaxe":1,"minecraft:shield":2,"minecraft:stick":3500,"minecraft:iron_ingot":43,"minecraft:iron_pickaxe":1,"minecraft:wooden_sword":1,"minecraft:stone_shovel":3,"minecraft:diamond_hoe":1,"minecraft:wind_charge":20,"minecraft:furnace":3,"minecraft:bone_meal":30,"minecraft:flint_and_steel":1,"minecraft:diamond":9,"minecraft:iron_axe":1,"minecraft:iron_hoe":1,"minecraft:stone_pickaxe":1,"minecraft:diamond_boots":4,"minecraft:wheat":54,"minecraft:cooked_beef":8,"minecraft:diamond_sword":2,"minecraft:iron_sword":1,"minecraft:bucket":2,"minecraft:stone_axe":1,"minecraft:enchanted_book":7,"minecraft:jungle_slab":30,"minecraft:bread":28,"minecraft:air":0,"minecraft:jungle_planks":1832,"minecraft:oak_fence_gate":4,"minecraft:chainmail_boots":12,"minecraft:iron_leggings":11,"minecraft:white_bed":3,"minecraft:torch":100,"minecraft:diamond_chestplate":3},"minecraft:broken":{"minecraft:stone_shovel":2,"minecraft:iron_hoe":1,"minecraft:stone_hoe":2,"minecraft:shield":1},"minecraft:mined":{"minecraft:white_bed":14,"minecraft:cobblestone_stairs":5,"minecraft:jungle_leaves":572,"minecraft:brewing_stand":2,"minecraft:obsidian":6,"minecraft:potted_dead_bush":2,"minecraft:granite":28,"minecraft:grass_block":96,"minecraft:jungle_log":507,"minecraft:deepslate_bricks":17,"minecraft:chiseled_tuff_bricks":1,"minecraft:composter":12,"minecraft:oxeye_daisy":1,"minecraft:tuff_bricks":3,"minecraft:smooth_stone":8,"minecraft:magma_block":5,"minecraft:glowstone":7,"minecraft:iron_ore":42,"minecraft:fire":3,"minecraft:anvil":1,"minecraft:deepslate_lapis_ore":3,"minecraft:fletching_table":10,"minecraft:water_cauldron":3,"minecraft:cave_vines":1,"minecraft:oak_stairs":38,"minecraft:deepslate_redstone_ore":1,"minecraft:smoker":1,"minecraft:torch":3,"minecraft:blast_furnace":13,"minecraft:poppy":2,"minecraft:melon":13,"minecraft:chest":1,"minecraft:nether_quartz_ore":17,"minecraft:glass":76,"minecraft:cobblestone":94,"minecraft:oak_planks":3,"minecraft:sugar_cane":37,"minecraft:waxed_chiseled_copper":3,"minecraft:bricks":2,"minecraft:wall_torch":7,"minecraft:cauldron":1,"minecraft:white_terracotta":2,"minecraft:red_candle":1,"minecraft:wheat":213,"minecraft:waxed_copper_block":6,"minecraft:copper_block":1,"minecraft:oak_log":20,"minecraft:beetroots":119,"minecraft:waxed_oxidized_copper":6,"minecraft:sand":144,"minecraft:dirt":254,"minecraft:stonecutter":3,"minecraft:netherrack":582,"minecraft:deepslate":136,"minecraft:oak_leaves":1,"minecraft:yellow_terracotta":6,"minecraft:tuff":36,"minecraft:mossy_cobblestone":7,"minecraft:deepslate_diamond_ore":37,"minecraft:waxed_oxidized_chiseled_copper":1,"minecraft:decorated_pot":9,"minecraft:moss_block":4,"minecraft:rooted_dirt":36,"minecraft:hay_block":9,"minecraft:furnace":5,"minecraft:carrots":243,"minecraft:jungle_sapling":1,"minecraft:waxed_copper_grate":2,"minecraft:andesite":44,"minecraft:bell":6,"minecraft:bookshelf":8,"minecraft:potatoes":221,"minecraft:vine":52,"minecraft:deepslate_iron_ore":67,"minecraft:rail":2,"minecraft:stone":176,"minecraft:oak_slab":2,"minecraft:glass_pane":3,"minecraft:copper_door":2,"minecraft:crafting_table":7,"minecraft:short_grass":296,"minecraft:lectern":56,"minecraft:copper_ore":7,"minecraft:tall_grass":8,"minecraft:diorite":17,"minecraft:cobblestone_wall":1,"minecraft:waxed_oxidized_copper_grate":9,"minecraft:yellow_bed":37,"minecraft:coal_ore":49,"minecraft:gravel":33,"minecraft:dripstone_block":1,"minecraft:cobweb":9,"minecraft:stone_bricks":9,"minecraft:fern":7},"minecraft:dropped":{"minecraft:iron_sword":1,"minecraft:ominous_bottle":2,"minecraft:lapis_lazuli":64,"minecraft:baked_potato":50,"minecraft:glass_bottle":2,"minecraft:diamond":8,"minecraft:crafting_table":1,"minecraft:decorated_pot":11,"minecraft:glow_berries":2,"minecraft:honeycomb":3,"minecraft:jungle_planks":384,"minecraft:flint":34,"minecraft:emerald":64,"minecraft:dirt":30,"minecraft:waxed_oxidized_chiseled_copper":1,"minecraft:stone_button":1,"minecraft:cornflower":2,"minecraft:scrape_pottery_sherd":1,"minecraft:jungle_sapling":4,"minecraft:gold_nugget":2,"minecraft:bone_meal":72,"minecraft:sand":60,"minecraft:bolt_armor_trim_smithing_template":3,"minecraft:iron_pickaxe":2,"minecraft:white_wool":15,"minecraft:bone":63,"minecraft:chiseled_tuff_bricks":2,"minecraft:cobbled_deepslate":72,"minecraft:wheat":2,"minecraft:beetroot":91,"minecraft:rotten_flesh":29,"minecraft:enchanted_golden_apple":1,"minecraft:carrot":832,"minecraft:waxed_copper_block":4,"minecraft:music_disc_creator":1,"minecraft:tipped_arrow":61,"minecraft:gunpowder":4,"minecraft:red_candle":3,"minecraft:beetroot_seeds":218,"minecraft:chainmail_boots":11,"minecraft:chest":2,"minecraft:arrow":125,"minecraft:scaffolding":3,"minecraft:splash_potion":1,"minecraft:netherrack":199,"minecraft:lectern":1,"minecraft:enchanted_book":9,"minecraft:water_bucket":2,"minecraft:stone_hoe":3,"minecraft:golden_boots":1,"minecraft:iron_ingot":65,"minecraft:wheat_seeds":36,"minecraft:diamond_leggings":3,"minecraft:poisonous_potato":4,"minecraft:book":2,"minecraft:iron_helmet":1,"minecraft:cobblestone":78,"minecraft:waxed_copper_grate":2,"minecraft:granite":17,"minecraft:ominous_trial_key":1,"minecraft:flow_armor_trim_smithing_template":2,"minecraft:stick":2489,"minecraft:oxeye_daisy":1,"minecraft:lava_bucket":1,"minecraft:diorite":14,"minecraft:brewing_stand":1,"minecraft:torch":11,"minecraft:diamond_helmet":2,"minecraft:dead_bush":6,"minecraft:iron_leggings":1,"minecraft:string":98,"minecraft:bucket":1,"minecraft:bamboo_planks":5,"minecraft:anvil":1,"minecraft:tuff_bricks":5,"minecraft:tuff":4,"minecraft:stone_shovel":3,"minecraft:iron_boots":1,"minecraft:iron_hoe":2,"minecraft:white_terracotta":1,"minecraft:deepslate_bricks":17,"minecraft:diamond_sword":1,"minecraft:potato":403,"minecraft:shield":1,"minecraft:flower_pot":2,"minecraft:diamond_chestplate":5,"minecraft:diamond_pickaxe":5,"minecraft:iron_chestplate":1,"minecraft:andesite":36,"minecraft:bamboo":220,"minecraft:spider_eye":6,"minecraft:stone_bricks":3,"minecraft:waxed_chiseled_copper":6,"minecraft:diamond_boots":2,"minecraft:bow":1,"minecraft:wooden_pickaxe":1,"minecraft:waxed_oxidized_copper_grate":18,"minecraft:brick":22},"minecraft:custom":{"minecraft:interact_with_crafting_table":101,"minecraft:open_barrel":5,"minecraft:bell_ring":70,"minecraft:leave_game":16,"minecraft:time_since_death":24267,"minecraft:damage_resisted":83,"minecraft:sprint_one_cm":1166411,"minecraft:damage_blocked_by_shield":3987,"minecraft:drop":341,"minecraft:talked_to_villager":240,"minecraft:play_time":485225,"minecraft:deaths":13,"minecraft:jump":5760,"minecraft:walk_on_water_one_cm":60463,"minecraft:interact_with_furnace":15,"minecraft:traded_with_villager":438,"minecraft:sleep_in_bed":26,"minecraft:damage_dealt":24048,"minecraft:player_kills":2,"minecraft:crouch_one_cm":28024,"minecraft:interact_with_smoker":30,"minecraft:inspect_dispenser":8,"minecraft:interact_with_anvil":10,"minecraft:mob_kills":137,"minecraft:climb_one_cm":12263,"minecraft:walk_one_cm":1149349,"minecraft:sneak_time":14535,"minecraft:walk_under_water_one_cm":51470,"minecraft:interact_with_blast_furnace":41,"minecraft:total_world_time":485225,"minecraft:time_since_rest":9164,"minecraft:damage_absorbed":92,"minecraft:damage_taken":9562,"minecraft:swim_one_cm":48532,"minecraft:fly_one_cm":1448506,"minecraft:open_chest":408,"minecraft:fall_one_cm":183655},"minecraft:killed":{"minecraft:zombified_piglin":1,"minecraft:spider":20,"minecraft:skeleton":18,"minecraft:chicken":2,"minecraft:silverfish":31,"minecraft:pig":1,"minecraft:iron_golem":4,"minecraft:creeper":5,"minecraft:sheep":1,"minecraft:zombie":34,"minecraft:stray":3,"minecraft:cow":6,"minecraft:breeze":7,"minecraft:enderman":2},"minecraft:picked_up":{"minecraft:wheat":173,"minecraft:flower_pot":2,"minecraft:anvil":1,"minecraft:diamond_sword":8,"minecraft:oak_stairs":82,"minecraft:potion":8,"minecraft:enchanted_book":19,"minecraft:brewing_stand":2,"minecraft:string":180,"minecraft:raw_copper":60,"minecraft:red_candle":3,"minecraft:beetroot":118,"minecraft:diamond_leggings":8,"minecraft:cobbled_deepslate":131,"minecraft:gold_nugget":3,"minecraft:smooth_stone":16,"minecraft:bucket":2,"minecraft:trial_key":41,"minecraft:iron_pickaxe":9,"minecraft:enchanted_golden_apple":11,"minecraft:melon_slice":56,"minecraft:furnace":6,"minecraft:tipped_arrow":85,"minecraft:stick":4734,"minecraft:composter":13,"minecraft:torch":334,"minecraft:porkchop":2,"minecraft:waxed_copper_grate":2,"minecraft:diorite":15,"minecraft:copper_door":2,"minecraft:cauldron":4,"minecraft:honey_bottle":16,"minecraft:rotten_flesh":59,"minecraft:iron_block":2,"minecraft:white_terracotta":1,"minecraft:obsidian":5,"minecraft:cobblestone":368,"minecraft:magma_block":5,"minecraft:cooked_beef":48,"minecraft:andesite":51,"minecraft:water_bucket":5,"minecraft:jungle_log":547,"minecraft:copper_block":1,"minecraft:smoker":1,"minecraft:potato":1020,"minecraft:flint":42,"minecraft:tuff":26,"minecraft:lapis_lazuli":65,"minecraft:dirt":370,"minecraft:bone":115,"minecraft:glass":18,"minecraft:bow":3,"minecraft:stonecutter":3,"minecraft:wheat_seeds":837,"minecraft:bell":7,"minecraft:grindstone":1,"minecraft:bolt_armor_trim_smithing_template":9,"minecraft:glowstone_dust":28,"minecraft:fletching_table":26,"minecraft:diamond_helmet":8,"minecraft:bamboo":220,"minecraft:moss_block":4,"minecraft:stone_hoe":4,"minecraft:oak_planks":15,"minecraft:honeycomb":9,"minecraft:scrape_pottery_sherd":2,"minecraft:poisonous_potato":5,"minecraft:waxed_chiseled_copper":6,"minecraft:sand":160,"minecraft:jungle_planks":385,"minecraft:dead_bush":10,"minecraft:diamond_block":2,"minecraft:mossy_cobblestone":14,"minecraft:iron_hoe":3,"minecraft:diamond":140,"minecraft:waxed_oxidized_copper_grate":18,"minecraft:granite":28,"minecraft:breeze_rod":20,"minecraft:bone_meal":71,"minecraft:emerald":1257,"minecraft:bread":39,"minecraft:rooted_dirt":35,"minecraft:netherrack":569,"minecraft:bricks":2,"minecraft:ominous_trial_key":8,"minecraft:diamond_pickaxe":5,"minecraft:crafting_table":10,"minecraft:ominous_bottle":11,"minecraft:splash_potion":5,"minecraft:chicken":1,"minecraft:wooden_pickaxe":3,"minecraft:music_disc_creator":9,"minecraft:brick":67,"minecraft:shield":5,"minecraft:wind_charge":12,"minecraft:cornflower":2,"minecraft:moss_carpet":2,"minecraft:wooden_sword":1,"minecraft:flint_and_steel":1,"minecraft:beef":22,"minecraft:jungle_sapling":17,"minecraft:poppy":12,"minecraft:lectern":56,"minecraft:sugar_cane":74,"minecraft:chest":3,"minecraft:waxed_oxidized_copper":13,"minecraft:egg":8,"minecraft:raw_iron":129,"minecraft:oak_door":4,"minecraft:stone_button":2,"minecraft:carrot":1209,"minecraft:redstone":5,"minecraft:waxed_oxidized_chiseled_copper":1,"minecraft:arrow":552,"minecraft:stone_shovel":4,"minecraft:diamond_chestplate":10,"minecraft:decorated_pot":20,"minecraft:beetroot_seeds":361,"minecraft:deepslate_bricks":17,"minecraft:diamond_boots":6,"minecraft:hay_block":9,"minecraft:yellow_terracotta":9,"minecraft:flow_armor_trim_smithing_template":5,"minecraft:tuff_bricks":6,"minecraft:glow_berries":2,"minecraft:mutton":3,"minecraft:rail":2,"minecraft:white_wool":31,"minecraft:oxeye_daisy":1,"minecraft:leather":18,"minecraft:oak_log":22,"minecraft:waxed_copper_block":11,"minecraft:cobblestone_wall":1,"minecraft:golden_boots":2,"minecraft:yellow_bed":38,"minecraft:gunpowder":10,"minecraft:cobblestone_stairs":8,"minecraft:stone_bricks":20,"minecraft:iron_ingot":135,"minecraft:stone_pickaxe":2,"minecraft:cooked_chicken":2,"minecraft:iron_sword":1,"minecraft:book":25,"minecraft:scaffolding":3,"minecraft:oak_slab":3,"minecraft:bamboo_planks":28,"minecraft:quartz":41,"minecraft:dandelion":7,"minecraft:dripstone_block":1,"minecraft:gravel":49,"minecraft:blast_furnace":13,"minecraft:white_bed":15,"minecraft:spider_eye":21,"minecraft:diamond_shovel":2,"minecraft:diamond_axe":7,"minecraft:baked_potato":172,"minecraft:chiseled_tuff_bricks":2,"minecraft:coal":110,"minecraft:ender_pearl":2},"minecraft:killed_by":{"minecraft:player":3,"minecraft:stray":3,"minecraft:skeleton":1,"minecraft:breeze":1},"minecraft:used":{"minecraft:tuff_bricks":1,"minecraft:poppy":4,"minecraft:diamond_hoe":245,"minecraft:shield":58,"minecraft:decorated_pot":1,"minecraft:chest":6,"minecraft:iron_sword":86,"minecraft:bell":5,"minecraft:iron_chestplate":1,"minecraft:jungle_planks":3,"minecraft:carrot":371,"minecraft:jungle_slab":4,"minecraft:tuff":9,"minecraft:axolotl_bucket":13,"minecraft:obsidian":5,"minecraft:glass":26,"minecraft:jungle_sapling":4,"minecraft:waxed_oxidized_copper":7,"minecraft:iron_helmet":1,"minecraft:stone_bricks":5,"minecraft:magma_block":5,"minecraft:bow":26,"minecraft:hay_block":3,"minecraft:ominous_bottle":1,"minecraft:furnace":5,"minecraft:beetroot_seeds":113,"minecraft:egg":7,"minecraft:potato":285,"minecraft:diorite":1,"minecraft:copper_door":2,"minecraft:stone_pickaxe":115,"minecraft:oak_planks":3,"minecraft:ender_pearl":3,"minecraft:wooden_pickaxe":3,"minecraft:composter":8,"minecraft:sugar_cane":6,"minecraft:diamond_axe":748,"minecraft:yellow_terracotta":6,"minecraft:blast_furnace":13,"minecraft:lingering_potion":3,"minecraft:bread":15,"minecraft:lectern":59,"minecraft:gravel":29,"minecraft:diamond_sword":393,"minecraft:fire_charge":3,"minecraft:wooden_sword":19,"minecraft:grindstone":1,"minecraft:smithing_table":1,"minecraft:andesite":5,"minecraft:bone_meal":3,"minecraft:flint_and_steel":1,"minecraft:stone_shovel":330,"minecraft:trial_key":5,"minecraft:stone_hoe":363,"minecraft:cooked_chicken":1,"minecraft:netherrack":239,"minecraft:oak_door":2,"minecraft:torch":134,"minecraft:brewing_stand":1,"minecraft:dirt":333,"minecraft:anvil":3,"minecraft:diamond_helmet":1,"minecraft:granite":5,"minecraft:oak_fence_gate":4,"minecraft:iron_hoe":305,"minecraft:bookshelf":14,"minecraft:iron_axe":11,"minecraft:oak_stairs":1,"minecraft:rooted_dirt":30,"minecraft:jungle_log":5,"minecraft:diamond_chestplate":3,"minecraft:cooked_beef":5,"minecraft:cobbled_deepslate":57,"minecraft:enchanted_golden_apple":1,"minecraft:iron_leggings":1,"minecraft:wheat_seeds":224,"minecraft:water_bucket":117,"minecraft:baked_potato":111,"minecraft:copper_block":1,"minecraft:cauldron":1,"minecraft:fletching_table":15,"minecraft:stonecutter":2,"minecraft:waxed_copper_block":4,"minecraft:jungle_wood":1,"minecraft:crafting_table":8,"minecraft:white_bed":18,"minecraft:smoker":3,"minecraft:oak_log":2,"minecraft:diamond_pickaxe":21,"minecraft:apple":4,"minecraft:ominous_trial_key":4,"minecraft:diamond_shovel":150,"minecraft:wind_charge":30,"minecraft:iron_pickaxe":1825,"minecraft:stone_axe":45,"minecraft:cobblestone":67,"minecraft:potion":2,"minecraft:bucket":129,"minecraft:yellow_bed":38,"minecraft:dandelion":4,"minecraft:diamond_leggings":3}},"DataVersion":3953}