{"stats":{"minecraft:broken":{"minecraft:stone_hoe":2,"minecraft:stone_shovel":2},"minecraft:mined":{"minecraft:tuff":17,"minecraft:deepslate_diamond_ore":37,"minecraft:granite":11,"minecraft:grass_block":83,"minecraft:jungle_log":16,"minecraft:moss_block":4,"minecraft:rooted_dirt":36,"minecraft:hay_block":9,"minecraft:smooth_stone":8,"minecraft:magma_block":5,"minecraft:furnace":2,"minecraft:carrots":31,"minecraft:iron_ore":37,"minecraft:andesite":16,"minecraft:deepslate_lapis_ore":3,"minecraft:bell":6,"minecraft:cave_vines":1,"minecraft:rail":2,"minecraft:potatoes":16,"minecraft:deepslate_iron_ore":65,"minecraft:vine":3,"minecraft:oak_stairs":1,"minecraft:stone":111,"minecraft:deepslate_redstone_ore":1,"minecraft:crafting_table":5,"minecraft:torch":2,"minecraft:short_grass":167,"minecraft:blast_furnace":5,"minecraft:melon":8,"minecraft:chest":1,"minecraft:tall_grass":8,"minecraft:cobblestone":14,"minecraft:sugar_cane":2,"minecraft:oak_planks":3,"minecraft:diorite":2,"minecraft:wall_torch":5,"minecraft:wheat":70,"minecraft:yellow_bed":1,"minecraft:oak_log":6,"minecraft:coal_ore":20,"minecraft:beetroots":6,"minecraft:dripstone_block":1,"minecraft:gravel":4,"minecraft:sand":2,"minecraft:dirt":241,"minecraft:deepslate":61,"minecraft:fern":2},"minecraft:killed_by":{"minecraft:skeleton":1},"minecraft:used":{"minecraft:stone_shovel":330,"minecraft:chest":2,"minecraft:shield":15,"minecraft:iron_sword":80,"minecraft:bell":5,"minecraft:stone_hoe":363,"minecraft:iron_chestplate":1,"minecraft:torch":72,"minecraft:anvil":1,"minecraft:dirt":325,"minecraft:carrot":75,"minecraft:jungle_slab":4,"minecraft:granite":5,"minecraft:axolotl_bucket":8,"minecraft:iron_axe":7,"minecraft:rooted_dirt":30,"minecraft:jungle_log":2,"minecraft:iron_helmet":1,"minecraft:magma_block":5,"minecraft:hay_block":3,"minecraft:furnace":2,"minecraft:beetroot_seeds":8,"minecraft:egg":4,"minecraft:cooked_beef":5,"minecraft:potato":45,"minecraft:cobbled_deepslate":52,"minecraft:iron_leggings":1,"minecraft:wheat_seeds":80,"minecraft:water_bucket":39,"minecraft:diorite":1,"minecraft:stone_pickaxe":115,"minecraft:baked_potato":22,"minecraft:oak_planks":3,"minecraft:wooden_pickaxe":3,"minecraft:jungle_wood":1,"minecraft:crafting_table":6,"minecraft:blast_furnace":4,"minecraft:smoker":1,"minecraft:apple":4,"minecraft:bread":8,"minecraft:iron_pickaxe":353,"minecraft:gravel":2,"minecraft:stone_axe":45,"minecraft:wooden_sword":19,"minecraft:cobblestone":60,"minecraft:andesite":2,"minecraft:bucket":47},"minecraft:custom":{"minecraft:interact_with_anvil":1,"minecraft:mob_kills":34,"minecraft:interact_with_crafting_table":36,"minecraft:bell_ring":69,"minecraft:leave_game":3,"minecraft:time_since_death":46273,"minecraft:climb_one_cm":457,"minecraft:sprint_one_cm":347847,"minecraft:walk_one_cm":286853,"minecraft:damage_blocked_by_shield":621,"minecraft:drop":37,"minecraft:talked_to_villager":10,"minecraft:play_time":169074,"minecraft:deaths":3,"minecraft:sneak_time":6710,"minecraft:walk_under_water_one_cm":31461,"minecraft:jump":2172,"minecraft:interact_with_blast_furnace":19,"minecraft:walk_on_water_one_cm":16851,"minecraft:total_world_time":169074,"minecraft:sleep_in_bed":7,"minecraft:time_since_rest":46302,"minecraft:damage_taken":2093,"minecraft:damage_dealt":6094,"minecraft:swim_one_cm":34562,"minecraft:fly_one_cm":755877,"minecraft:open_chest":45,"minecraft:crouch_one_cm":13247,"minecraft:interact_with_smoker":16,"minecraft:fall_one_cm":62439},"minecraft:crafted":{"minecraft:wooden_sword":1,"minecraft:oak_planks":20,"minecraft:stone_shovel":3,"minecraft:furnace":1,"minecraft:cooked_mutton":2,"minecraft:iron_boots":1,"minecraft:iron_axe":1,"minecraft:stone_pickaxe":1,"minecraft:chest":1,"minecraft:stone_hoe":3,"minecraft:smoker":1,"minecraft:wheat":54,"minecraft:cooked_beef":8,"minecraft:crafting_table":3,"minecraft:iron_helmet":1,"minecraft:baked_potato":32,"minecraft:wooden_pickaxe":1,"minecraft:iron_sword":1,"minecraft:bucket":1,"minecraft:oak_wood":3,"minecraft:stone_axe":1,"minecraft:jungle_slab":12,"minecraft:bread":28,"minecraft:air":0,"minecraft:jungle_planks":40,"minecraft:iron_chestplate":1,"minecraft:shield":1,"minecraft:stick":32,"minecraft:iron_ingot":34,"minecraft:iron_pickaxe":1,"minecraft:iron_leggings":1,"minecraft:torch":4},"minecraft:dropped":{"minecraft:water_bucket":1,"minecraft:stone_hoe":3,"minecraft:iron_sword":1,"minecraft:wheat_seeds":6,"minecraft:lava_bucket":1,"minecraft:iron_pickaxe":1,"minecraft:white_wool":4,"minecraft:anvil":1,"minecraft:wheat":2,"minecraft:stone_shovel":3,"minecraft:beetroot":3,"minecraft:rotten_flesh":10,"minecraft:gunpowder":1,"minecraft:andesite":1,"minecraft:chest":2,"minecraft:spider_eye":2,"minecraft:wooden_pickaxe":1},"minecraft:picked_up":{"minecraft:crafting_table":6,"minecraft:wheat":34,"minecraft:wooden_pickaxe":3,"minecraft:oak_stairs":2,"minecraft:string":3,"minecraft:moss_carpet":2,"minecraft:wooden_sword":1,"minecraft:beetroot":5,"minecraft:cobbled_deepslate":57,"minecraft:smooth_stone":16,"minecraft:beef":16,"minecraft:poppy":4,"minecraft:iron_pickaxe":1,"minecraft:melon_slice":36,"minecraft:sugar_cane":12,"minecraft:chest":3,"minecraft:egg":6,"minecraft:furnace":3,"minecraft:stick":4,"minecraft:raw_iron":114,"minecraft:torch":6,"minecraft:diorite":1,"minecraft:carrot":75,"minecraft:redstone":5,"minecraft:rotten_flesh":32,"minecraft:stone_shovel":4,"minecraft:arrow":9,"minecraft:beetroot_seeds":8,"minecraft:hay_block":9,"minecraft:glow_berries":1,"minecraft:mutton":3,"minecraft:rail":2,"minecraft:cobblestone":126,"minecraft:white_wool":9,"minecraft:magma_block":5,"minecraft:jungle_log":16,"minecraft:water_bucket":1,"minecraft:andesite":18,"minecraft:leather":9,"minecraft:potato":51,"minecraft:flint":8,"minecraft:tuff":9,"minecraft:oak_log":6,"minecraft:yellow_bed":1,"minecraft:gunpowder":2,"minecraft:lapis_lazuli":65,"minecraft:dirt":346,"minecraft:bone":6,"minecraft:wheat_seeds":216,"minecraft:bell":7,"minecraft:stone_pickaxe":2,"minecraft:iron_ingot":6,"minecraft:moss_block":4,"minecraft:iron_sword":1,"minecraft:oak_planks":15,"minecraft:stone_hoe":4,"minecraft:book":1,"minecraft:dripstone_block":1,"minecraft:gravel":22,"minecraft:sand":4,"minecraft:blast_furnace":5,"minecraft:spider_eye":2,"minecraft:diamond":63,"minecraft:granite":11,"minecraft:rooted_dirt":35,"minecraft:coal":33},"minecraft:killed":{"minecraft:spider":3,"minecraft:skeleton":5,"minecraft:iron_golem":1,"minecraft:creeper":1,"minecraft:sheep":1,"minecraft:zombie":19,"minecraft:cow":3}},"DataVersion":3953}