{"stats":{"minecraft:broken":{"minecraft:iron_shovel":2,"minecraft:iron_pickaxe":1},"minecraft:mined":{"minecraft:white_bed":7,"minecraft:oak_sapling":1,"minecraft:deepslate_diamond_ore":2,"minecraft:cherry_log":4,"minecraft:glow_lichen":1,"minecraft:granite":21,"minecraft:grass_block":317,"minecraft:cracked_polished_blackstone_bricks":8,"minecraft:oxeye_daisy":1,"minecraft:spawner":1,"minecraft:polished_blackstone_bricks":10,"minecraft:furnace":4,"minecraft:iron_ore":78,"minecraft:fire":2,"minecraft:cobbled_deepslate":21,"minecraft:andesite":1,"minecraft:fletching_table":1,"minecraft:bell":1,"minecraft:pointed_dripstone":9,"minecraft:dirt_path":1,"minecraft:deepslate_iron_ore":40,"minecraft:water_cauldron":4,"minecraft:rail":1,"minecraft:stone":108,"minecraft:cherry_stairs":3,"minecraft:white_wool":1,"minecraft:cherry_planks":54,"minecraft:blackstone":4,"minecraft:smoker":2,"minecraft:basalt":3,"minecraft:copper_door":2,"minecraft:crafting_table":18,"minecraft:cornflower":1,"minecraft:torch":3,"minecraft:short_grass":113,"minecraft:blackstone_slab":1,"minecraft:blast_furnace":2,"minecraft:copper_ore":6,"minecraft:tall_grass":24,"minecraft:cobblestone":16,"minecraft:deepslate_gold_ore":2,"minecraft:oak_planks":2,"minecraft:diorite":2,"minecraft:wall_torch":11,"minecraft:cherry_slab":6,"minecraft:pink_petals":4,"minecraft:cobblestone_wall":1,"minecraft:dark_oak_door":1,"minecraft:yellow_bed":3,"minecraft:oak_log":15,"minecraft:coal_ore":16,"minecraft:sunflower":12,"minecraft:gravel":5,"minecraft:dripstone_block":12,"minecraft:dirt":334,"minecraft:cobweb":3,"minecraft:netherrack":16,"minecraft:oak_leaves":6,"minecraft:deepslate":40},"minecraft:killed_by":{"minecraft:player":1},"minecraft:custom":{"minecraft:interact_with_anvil":9,"minecraft:mob_kills":38,"minecraft:interact_with_crafting_table":62,"minecraft:bell_ring":2,"minecraft:leave_game":5,"minecraft:time_since_death":102107,"minecraft:climb_one_cm":454,"minecraft:sprint_one_cm":375418,"minecraft:walk_one_cm":550572,"minecraft:damage_blocked_by_shield":765,"minecraft:drop":77,"minecraft:talked_to_villager":26,"minecraft:play_time":229541,"minecraft:sneak_time":6584,"minecraft:deaths":2,"minecraft:walk_under_water_one_cm":5058,"minecraft:boat_one_cm":82707,"minecraft:jump":3350,"minecraft:interact_with_blast_furnace":31,"minecraft:walk_on_water_one_cm":8458,"minecraft:total_world_time":229541,"minecraft:interact_with_furnace":47,"minecraft:traded_with_villager":48,"minecraft:interact_with_grindstone":2,"minecraft:sleep_in_bed":15,"minecraft:time_since_rest":4893,"minecraft:damage_taken":2854,"minecraft:damage_dealt":4085,"minecraft:swim_one_cm":24664,"minecraft:fly_one_cm":435277,"minecraft:open_chest":118,"minecraft:crouch_one_cm":9522,"minecraft:interact_with_smoker":8,"minecraft:fall_one_cm":101594},"minecraft:used":{"minecraft:cherry_boat":3,"minecraft:cherry_sapling":2,"minecraft:stone_sword":26,"minecraft:iron_shovel":640,"minecraft:chest":4,"minecraft:shield":12,"minecraft:iron_sword":60,"minecraft:bell":1,"minecraft:netherrack":2,"minecraft:iron_chestplate":1,"minecraft:torch":178,"minecraft:dirt":82,"minecraft:granite":8,"minecraft:oak_fence_gate":4,"minecraft:dark_oak_planks":1,"minecraft:lava_bucket":2,"minecraft:iron_axe":99,"minecraft:grass_block":1,"minecraft:cherry_slab":11,"minecraft:barrel":2,"minecraft:diamond_chestplate":1,"minecraft:bow":88,"minecraft:oak_sapling":3,"minecraft:furnace":5,"minecraft:egg":8,"minecraft:cobbled_deepslate":50,"minecraft:cooked_mutton":4,"minecraft:diamond_boots":1,"minecraft:copper_door":3,"minecraft:stone_pickaxe":14,"minecraft:blackstone":3,"minecraft:ender_pearl":1,"minecraft:cherry_planks":70,"minecraft:polished_blackstone_bricks":7,"minecraft:white_wool":1,"minecraft:golden_hoe":8,"minecraft:crafting_table":23,"minecraft:blast_furnace":5,"minecraft:crossbow":3,"minecraft:white_bed":8,"minecraft:painting":8,"minecraft:dark_oak_door":1,"minecraft:smoker":3,"minecraft:cracked_polished_blackstone_bricks":7,"minecraft:bread":50,"minecraft:iron_pickaxe":447,"minecraft:gravel":1,"minecraft:pink_petals":4,"minecraft:diamond_sword":5,"minecraft:cobblestone":30,"minecraft:cherry_stairs":6,"minecraft:cooked_porkchop":1,"minecraft:bucket":9,"minecraft:yellow_bed":2,"minecraft:diamond_leggings":1,"minecraft:oak_fence":6},"minecraft:crafted":{"minecraft:cherry_planks":16,"minecraft:smooth_stone":9,"minecraft:oak_planks":316,"minecraft:cherry_slab":6,"minecraft:furnace":5,"minecraft:blast_furnace":4,"minecraft:cherry_boat":2,"minecraft:stone":6,"minecraft:cooked_mutton":5,"minecraft:dark_oak_door":3,"minecraft:bow":1,"minecraft:iron_boots":1,"minecraft:iron_axe":1,"minecraft:cherry_stairs":4,"minecraft:stone_pickaxe":1,"minecraft:chest":2,"minecraft:diamond_boots":2,"minecraft:oak_fence":6,"minecraft:smoker":1,"minecraft:diamond_sword":1,"minecraft:arrow":80,"minecraft:emerald":36,"minecraft:crafting_table":2,"minecraft:iron_helmet":1,"minecraft:iron_sword":1,"minecraft:copper_door":3,"minecraft:copper_ingot":11,"minecraft:bucket":3,"minecraft:enchanted_book":4,"minecraft:air":0,"minecraft:oak_fence_gate":4,"minecraft:iron_chestplate":1,"minecraft:charcoal":8,"minecraft:shield":2,"minecraft:stick":576,"minecraft:iron_ingot":84,"minecraft:iron_pickaxe":2,"minecraft:stone_sword":1,"minecraft:iron_shovel":1,"minecraft:iron_leggings":1,"minecraft:white_bed":2,"minecraft:torch":128},"minecraft:dropped":{"minecraft:iron_ingot":2,"minecraft:golden_boots":1,"minecraft:bread":9,"minecraft:wheat_seeds":6,"minecraft:cherry_log":47,"minecraft:diamond":2,"minecraft:dripstone_block":27,"minecraft:netherite_upgrade_smithing_template":1,"minecraft:cobblestone":68,"minecraft:granite":7,"minecraft:fletching_table":1,"minecraft:rail":147,"minecraft:flint":1,"minecraft:emerald":246,"minecraft:dirt":1,"minecraft:mutton":2,"minecraft:cherry_planks":115,"minecraft:iron_leggings":1,"minecraft:sunflower":3,"minecraft:polished_blackstone_bricks":1,"minecraft:string":6,"minecraft:white_wool":1,"minecraft:gold_ingot":1,"minecraft:iron_nugget":3,"minecraft:golden_chestplate":1,"minecraft:stone_sword":1,"minecraft:cobbled_deepslate":40,"minecraft:pointed_dripstone":30,"minecraft:rotten_flesh":4,"minecraft:cooked_mutton":1,"minecraft:poppy":2,"minecraft:shield":1,"minecraft:andesite":1,"minecraft:yellow_bed":1,"minecraft:golden_leggings":2,"minecraft:oak_sapling":1,"minecraft:golden_sword":2,"minecraft:diamond_boots":6,"minecraft:arrow":3,"minecraft:stone_pickaxe":1,"minecraft:magma_cream":6,"minecraft:netherrack":15},"minecraft:picked_up":{"minecraft:iron_chestplate":1,"minecraft:charcoal":5,"minecraft:crafting_table":22,"minecraft:leather_leggings":1,"minecraft:golden_sword":2,"minecraft:shield":2,"minecraft:cornflower":2,"minecraft:string":9,"minecraft:raw_copper":18,"minecraft:iron_axe":2,"minecraft:iron_leggings":2,"minecraft:iron_shovel":3,"minecraft:blackstone":3,"minecraft:cherry_boat":3,"minecraft:diamond_leggings":1,"minecraft:cobbled_deepslate":91,"minecraft:smooth_stone":3,"minecraft:netherite_upgrade_smithing_template":1,"minecraft:iron_nugget":3,"minecraft:poppy":4,"minecraft:iron_pickaxe":2,"minecraft:furnace":6,"minecraft:iron_boots":1,"minecraft:egg":10,"minecraft:dark_oak_door":1,"minecraft:stone":61,"minecraft:stick":515,"minecraft:raw_iron":203,"minecraft:cherry_stairs":3,"minecraft:oak_fence":2,"minecraft:torch":92,"minecraft:polished_blackstone_bricks":8,"minecraft:cherry_log":63,"minecraft:pointed_dripstone":38,"minecraft:copper_door":2,"minecraft:golden_chestplate":1,"minecraft:cauldron":4,"minecraft:dark_oak_planks":22,"minecraft:rotten_flesh":8,"minecraft:arrow":13,"minecraft:diamond_chestplate":1,"minecraft:golden_hoe":2,"minecraft:diamond_boots":5,"minecraft:gold_ingot":1,"minecraft:mutton":9,"minecraft:rail":147,"minecraft:white_wool":9,"minecraft:cobblestone":171,"minecraft:oxeye_daisy":2,"minecraft:pink_petals":4,"minecraft:basalt":3,"minecraft:magma_cream":6,"minecraft:cherry_planks":218,"minecraft:andesite":2,"minecraft:golden_leggings":3,"minecraft:smoker":2,"minecraft:flint":1,"minecraft:oak_log":15,"minecraft:yellow_bed":3,"minecraft:golden_boots":3,"minecraft:dirt":380,"minecraft:leather_boots":1,"minecraft:bone":10,"minecraft:wheat_seeds":17,"minecraft:bell":1,"minecraft:raw_gold":4,"minecraft:iron_ingot":18,"minecraft:diamond_helmet":1,"minecraft:fletching_table":1,"minecraft:iron_sword":2,"minecraft:oak_planks":25,"minecraft:dripstone_block":40,"minecraft:gravel":4,"minecraft:blast_furnace":1,"minecraft:white_bed":7,"minecraft:grass_block":208,"minecraft:diamond":2,"minecraft:cracked_polished_blackstone_bricks":7,"minecraft:iron_helmet":1,"minecraft:crossbow":1,"minecraft:granite":15,"minecraft:cherry_sapling":2,"minecraft:bread":91,"minecraft:oak_sapling":4,"minecraft:cherry_slab":6,"minecraft:netherrack":17,"minecraft:coal":68,"minecraft:sunflower":17,"minecraft:ender_pearl":1},"minecraft:killed":{"minecraft:skeleton":4,"minecraft:piglin_brute":9,"minecraft:magma_cube":2,"minecraft:piglin":9,"minecraft:iron_golem":1,"minecraft:sheep":4,"minecraft:zombie":8,"minecraft:ghast":1}},"DataVersion":3953}