{"stats":{"minecraft:broken":{"minecraft:iron_pickaxe":1},"minecraft:mined":{"minecraft:white_bed":6,"minecraft:oak_sapling":1,"minecraft:deepslate_diamond_ore":2,"minecraft:cherry_log":4,"minecraft:glow_lichen":1,"minecraft:granite":21,"minecraft:grass_block":61,"minecraft:oxeye_daisy":1,"minecraft:furnace":4,"minecraft:iron_ore":78,"minecraft:cobbled_deepslate":21,"minecraft:andesite":1,"minecraft:fletching_table":1,"minecraft:pointed_dripstone":9,"minecraft:water_cauldron":4,"minecraft:deepslate_iron_ore":40,"minecraft:dirt_path":1,"minecraft:rail":1,"minecraft:stone":108,"minecraft:cherry_stairs":3,"minecraft:white_wool":1,"minecraft:cherry_planks":54,"minecraft:smoker":2,"minecraft:copper_door":2,"minecraft:crafting_table":18,"minecraft:cornflower":1,"minecraft:torch":3,"minecraft:short_grass":53,"minecraft:blast_furnace":2,"minecraft:tall_grass":6,"minecraft:copper_ore":6,"minecraft:cobblestone":16,"minecraft:deepslate_gold_ore":2,"minecraft:oak_planks":1,"minecraft:diorite":2,"minecraft:wall_torch":10,"minecraft:cherry_slab":5,"minecraft:pink_petals":4,"minecraft:cobblestone_wall":1,"minecraft:dark_oak_door":1,"minecraft:yellow_bed":2,"minecraft:oak_log":15,"minecraft:coal_ore":15,"minecraft:sunflower":8,"minecraft:gravel":5,"minecraft:dripstone_block":12,"minecraft:dirt":88,"minecraft:cobweb":3,"minecraft:oak_leaves":6,"minecraft:deepslate":40},"minecraft:killed_by":{"minecraft:player":1},"minecraft:custom":{"minecraft:mob_kills":17,"minecraft:interact_with_crafting_table":58,"minecraft:leave_game":3,"minecraft:time_since_death":25202,"minecraft:climb_one_cm":454,"minecraft:sprint_one_cm":255325,"minecraft:walk_one_cm":340923,"minecraft:damage_blocked_by_shield":765,"minecraft:drop":53,"minecraft:play_time":152636,"minecraft:deaths":2,"minecraft:sneak_time":3766,"minecraft:walk_under_water_one_cm":2643,"minecraft:boat_one_cm":82707,"minecraft:jump":2547,"minecraft:interact_with_blast_furnace":31,"minecraft:walk_on_water_one_cm":6618,"minecraft:total_world_time":152636,"minecraft:interact_with_furnace":47,"minecraft:sleep_in_bed":10,"minecraft:time_since_rest":11841,"minecraft:damage_taken":2428,"minecraft:damage_dealt":3803,"minecraft:swim_one_cm":10210,"minecraft:fly_one_cm":280134,"minecraft:open_chest":20,"minecraft:crouch_one_cm":6197,"minecraft:interact_with_smoker":5,"minecraft:fall_one_cm":82224},"minecraft:used":{"minecraft:oak_fence":6,"minecraft:cherry_boat":3,"minecraft:cherry_sapling":2,"minecraft:stone_sword":26,"minecraft:iron_shovel":129,"minecraft:chest":3,"minecraft:shield":12,"minecraft:iron_sword":60,"minecraft:iron_chestplate":1,"minecraft:torch":150,"minecraft:dirt":77,"minecraft:granite":8,"minecraft:oak_fence_gate":4,"minecraft:dark_oak_planks":1,"minecraft:grass_block":1,"minecraft:iron_axe":92,"minecraft:cherry_slab":11,"minecraft:barrel":2,"minecraft:oak_sapling":3,"minecraft:furnace":5,"minecraft:egg":4,"minecraft:cobbled_deepslate":50,"minecraft:cooked_mutton":1,"minecraft:copper_door":3,"minecraft:stone_pickaxe":14,"minecraft:ender_pearl":1,"minecraft:cherry_planks":70,"minecraft:white_wool":1,"minecraft:golden_hoe":8,"minecraft:crafting_table":22,"minecraft:blast_furnace":5,"minecraft:crossbow":3,"minecraft:white_bed":8,"minecraft:painting":8,"minecraft:dark_oak_door":1,"minecraft:smoker":3,"minecraft:bread":39,"minecraft:iron_pickaxe":402,"minecraft:gravel":1,"minecraft:pink_petals":4,"minecraft:cherry_stairs":6,"minecraft:cobblestone":30,"minecraft:bucket":7,"minecraft:yellow_bed":2},"minecraft:crafted":{"minecraft:cherry_planks":16,"minecraft:oak_planks":60,"minecraft:smooth_stone":9,"minecraft:cherry_slab":6,"minecraft:furnace":5,"minecraft:blast_furnace":4,"minecraft:cherry_boat":2,"minecraft:stone":6,"minecraft:cooked_mutton":2,"minecraft:dark_oak_door":3,"minecraft:iron_boots":1,"minecraft:iron_axe":1,"minecraft:cherry_stairs":4,"minecraft:stone_pickaxe":1,"minecraft:chest":1,"minecraft:oak_fence":6,"minecraft:smoker":1,"minecraft:crafting_table":2,"minecraft:iron_helmet":1,"minecraft:iron_sword":1,"minecraft:copper_door":3,"minecraft:copper_ingot":11,"minecraft:bucket":3,"minecraft:air":0,"minecraft:oak_fence_gate":4,"minecraft:iron_chestplate":1,"minecraft:charcoal":8,"minecraft:shield":2,"minecraft:stick":64,"minecraft:iron_ingot":84,"minecraft:iron_pickaxe":2,"minecraft:stone_sword":1,"minecraft:iron_shovel":1,"minecraft:iron_leggings":1,"minecraft:white_bed":2,"minecraft:torch":128},"minecraft:dropped":{"minecraft:iron_ingot":2,"minecraft:golden_boots":1,"minecraft:bread":9,"minecraft:wheat_seeds":5,"minecraft:cherry_log":47,"minecraft:diamond":2,"minecraft:dripstone_block":27,"minecraft:cobblestone":68,"minecraft:granite":7,"minecraft:fletching_table":1,"minecraft:rail":3,"minecraft:flint":1,"minecraft:dirt":1,"minecraft:mutton":2,"minecraft:cherry_planks":115,"minecraft:iron_leggings":1,"minecraft:sunflower":3,"minecraft:white_wool":1,"minecraft:stone_sword":1,"minecraft:cobbled_deepslate":40,"minecraft:pointed_dripstone":30,"minecraft:rotten_flesh":4,"minecraft:cooked_mutton":1,"minecraft:poppy":2,"minecraft:shield":1,"minecraft:andesite":1,"minecraft:yellow_bed":1,"minecraft:oak_sapling":1,"minecraft:golden_leggings":2,"minecraft:arrow":3,"minecraft:stone_pickaxe":1},"minecraft:picked_up":{"minecraft:charcoal":5,"minecraft:crafting_table":22,"minecraft:leather_leggings":1,"minecraft:shield":2,"minecraft:cornflower":2,"minecraft:string":3,"minecraft:raw_copper":18,"minecraft:iron_axe":2,"minecraft:iron_leggings":2,"minecraft:iron_shovel":1,"minecraft:cherry_boat":3,"minecraft:cobbled_deepslate":91,"minecraft:smooth_stone":3,"minecraft:poppy":4,"minecraft:iron_pickaxe":2,"minecraft:iron_boots":1,"minecraft:furnace":6,"minecraft:egg":4,"minecraft:dark_oak_door":1,"minecraft:stick":3,"minecraft:raw_iron":203,"minecraft:cherry_stairs":3,"minecraft:oak_fence":2,"minecraft:torch":28,"minecraft:cherry_log":63,"minecraft:pointed_dripstone":38,"minecraft:copper_door":2,"minecraft:cauldron":4,"minecraft:dark_oak_planks":22,"minecraft:rotten_flesh":8,"minecraft:arrow":13,"minecraft:golden_hoe":2,"minecraft:mutton":9,"minecraft:cobblestone":171,"minecraft:rail":3,"minecraft:white_wool":9,"minecraft:oxeye_daisy":2,"minecraft:pink_petals":4,"minecraft:cherry_planks":218,"minecraft:andesite":2,"minecraft:golden_leggings":3,"minecraft:smoker":2,"minecraft:flint":1,"minecraft:oak_log":15,"minecraft:golden_boots":2,"minecraft:yellow_bed":3,"minecraft:dirt":166,"minecraft:leather_boots":1,"minecraft:bone":10,"minecraft:wheat_seeds":9,"minecraft:raw_gold":4,"minecraft:iron_ingot":18,"minecraft:fletching_table":1,"minecraft:iron_sword":2,"minecraft:oak_planks":25,"minecraft:dripstone_block":40,"minecraft:gravel":4,"minecraft:blast_furnace":1,"minecraft:white_bed":6,"minecraft:grass_block":1,"minecraft:diamond":2,"minecraft:iron_helmet":1,"minecraft:crossbow":1,"minecraft:granite":15,"minecraft:cherry_sapling":2,"minecraft:bread":77,"minecraft:oak_sapling":4,"minecraft:cherry_slab":5,"minecraft:coal":67,"minecraft:iron_chestplate":1,"minecraft:ender_pearl":1,"minecraft:sunflower":9},"minecraft:killed":{"minecraft:skeleton":4,"minecraft:iron_golem":1,"minecraft:sheep":4,"minecraft:zombie":8}},"DataVersion":3953}